title, content, slug, meta_title
Здоровье, Vestibulum ante ipsum primis in faucibus orci luctus et ultrices posuere cubilia curae; Mauris nec ipsum, lacinia, "Sed a feugiat erat, id iaculis leo."
Дом, Vestibulum tempor dictum felis non condimentum, lectus, Aenean non sagittis elit.
Жилье, In hac habitasse platea dictumst, commodo, Suspendisse dignissim tincidunt odio sed tempus.
Развлечения, Cras sodales varius metus ut dignissim, Aliquam, "Morbi malesuada tellus euismod, id fringilla arcu posuere."
Апартаменты, Maecenas aliquet egestas aliquet, dolor, Nam a imperdiet augue.
Деятельность, Nam rutrum enim sit amet varius interdum, rhoncus, Donec sed velit.
Развлечения, Aenean hendrerit lorem euismod turpis consectetur cursus, Integer, "Vestibulum at tristique neque, ut nulla."
Красота, Etiam ut venenatis leo, non, "Ut placerat massa velit tempor, id congue urna mollis."
Событие, "Quisque ultricies massa turpis, venenatis justo vehicula vel", malesuada, "Suspendisse leo porta, bibendum justo ut, gravida ex."
Здоровье, Pellentesque posuere imperdiet maximus, Praesent, "Nam vestibulum lacus neque, quis maximus ipsum at."
Домой, Blandit, "Vivamus interdum bibendum sapien, quis aliquam diam ultricies nec."
Развлечения, "Aenean nulla neque, tempus condimentum faucibus a, dignissim eget magna", lectus, "Etiam nisl eros, elementum ac tempor in, porta a odio."
Электроника, In scelerisque hendrerit sem ac mollis, tempus, "Lorem ipsum dolor sit amet, consectetur adipiscing elit."
Событие, "Donec fringilla erat a neque dignissim, sit amet pharetra odio pulvinar", vehicula, "Phasellus non ligula congue, bibendum nisl et, viverra nulla."
Красота, Fusce at nunc orci, luctus, Integer posuere nulla egestas dignissim faucibus.
Дом, Vestibulum porta egestas vulputate, luctus, "Phasellus vehicula est ex, elementum consequat dui ornare nec."
Веселье, "Praesent nec commodo mauris, ut cursus odio", dui, Nulla eu justo lorem.
Деятельность, Pellentesque eleifend ante quis magna gravida rhoncus, eu, Donec a tincidunt dolor.
Одежда, Curabitur rhoncus ultricies laoreet, nisl, In hac habitasse platea dictumst.
Дом, Nunc vel efficitur purus, vitae, "Phasellus vehicula est ex, elementum consequat dui ornare nec."
