title,description,sku,meta_title,slug,updated_at,starts_at,published_at,end_at,created_at,price,discount
Коврик для мыши,"Praesent sit amet sem tempor, blandit risus id, aliquam metus. Fusce convallis consequat sodales. Nam dignissim consequat finibus. Sed condimentum finibus neque, ut tincidunt ipsum lobortis vel. Vivamus sed rutrum nisl, sed hendrerit ipsum. Nullam volutpat ut dui nec gravida. In non malesuada tortor. Nullam gravida nulla vel ante condimentum volutpat. Donec et odio ac leo elementum lacinia. Integer consequat vulputate dolor a maximus. Maecenas ut commodo lacus. Donec dictum est nec auctor condimentum. Nam maximus dapibus lacus ut ultricies. Praesent vulputate dapibus risus, quis suscipit arcu pellentesque eget. Nam malesuada lorem ut lacus tincidunt, id pellentesque velit pulvinar. Nulla facilisi.",172,"Nam venenatis metus nibh, malesuada vestibulum purus consectetur eu",euismod,2017-04-07T05:56:37.878+05:00,2017-04-07T05:56:37.878+05:00,2017-04-07T05:56:37.878+05:00,2017-04-07T05:56:37.878+05:00,2017-04-07T05:56:37.878+05:00,14446,0.8106666193147137
Клавиатура,"In semper urna sem, sagittis rutrum magna volutpat in. Vestibulum hendrerit vulputate euismod. Suspendisse ante erat, viverra et dui euismod, semper rhoncus neque. Aenean nulla neque, tempus condimentum faucibus a, dignissim eget magna. Proin ut imperdiet leo, commodo ultricies velit. Sed tempor ipsum eget enim convallis accumsan. Sed a tortor sit amet magna mollis porttitor non eget mauris. Fusce imperdiet augue id tellus laoreet, ac blandit ante ullamcorper. Quisque id varius risus. Sed ullamcorper id ligula at placerat.",215,Curabitur tristique vehicula vestibulum,venenatis,2015-02-09T01:44:45.711+05:00,2015-02-09T01:44:45.711+05:00,2015-02-09T01:44:45.711+05:00,2015-02-09T01:44:45.711+05:00,2015-02-09T01:44:45.711+05:00,35765,0.5458950870829883
Компьютерная мышь,"Ut molestie mollis urna in lobortis. Pellentesque id massa arcu. Pellentesque gravida, quam quis consequat consequat, erat elit faucibus nulla, vel condimentum est nulla ac ligula. Praesent sed ligula dolor. Fusce elementum semper odio, sit amet imperdiet ipsum tincidunt id. Mauris et lectus in velit tristique lacinia. Phasellus rutrum lacus quis sagittis pharetra. Morbi malesuada tellus sed felis euismod, id fringilla arcu posuere. Nunc rutrum dapibus odio vel efficitur. Pellentesque quis dignissim est. Morbi aliquet dui id ex efficitur tincidunt. Maecenas varius diam sit amet eros volutpat, tempor efficitur urna ornare.",47,Sed ullamcorper id ligula at placerat.,Pellentesque,2023-05-16T20:18:21.717+05:00,2023-05-16T20:18:21.717+05:00,2023-05-16T20:18:21.717+05:00,2023-05-16T20:18:21.717+05:00,2023-05-16T20:18:21.717+05:00,44634,0.42578431715228676
Электро щётка,"Curabitur fringilla lacus ac lacus dignissim condimentum mollis in est. Aliquam consectetur, nulla et accumsan eleifend, erat tellus cursus nulla, at faucibus libero lacus nec ante. Aliquam et ex at lorem ornare mollis. In hac habitasse platea dictumst. Aenean pretium viverra eros, at mattis libero. Proin vel dui et ex interdum dapibus. Etiam sit amet porta diam, at interdum enim. Vivamus in est et elit dignissim dignissim. Nam augue augue, pharetra non sagittis in, convallis vitae lectus. Curabitur vulputate massa nec elit feugiat volutpat. Integer accumsan rutrum risus vel dictum. Pellentesque ornare ipsum sed bibendum mollis. Cras enim elit, dignissim eget enim vel, sagittis rutrum purus. Nulla ut laoreet massa, pretium tincidunt quam.",52,Nunc pretium elit non felis placerat placerat,metus,2022-06-18T06:50:56.405+05:00,2022-06-18T06:50:56.405+05:00,2022-06-18T06:50:56.405+05:00,2022-06-18T06:50:56.405+05:00,2022-06-18T06:50:56.405+05:00,34276,0.15445504836897683
Пылесос,"Curabitur id nunc ac tortor facilisis lacinia sit amet nec sapien. Vestibulum ante ipsum primis in faucibus orci luctus et ultrices posuere cubilia curae; Phasellus malesuada tempor odio, sed imperdiet sapien. Phasellus sit amet hendrerit lectus, non egestas ligula. Ut et enim sit amet nunc pulvinar sagittis sit amet nec elit. Nulla sagittis turpis id hendrerit tincidunt. Mauris varius rutrum felis eget suscipit. Mauris feugiat nisi non dui vehicula, at ultricies leo luctus. Ut gravida lectus sed lorem feugiat, eleifend porta turpis egestas. Quisque id est turpis. Donec fringilla erat a neque dignissim, sit amet pharetra odio pulvinar. Vivamus dignissim in purus a eleifend. Vivamus hendrerit dapibus nunc at lobortis. Quisque bibendum fermentum sapien, id volutpat ex imperdiet vel. Mauris rhoncus, augue non faucibus vestibulum, enim lacus cursus elit, ac lobortis dolor lorem eu purus.",57,"Vivamus venenatis dapibus sem, sit amet placerat tortor blandit eget",placerat,2013-02-06T11:11:52.633+06:00,2013-02-06T11:11:52.633+06:00,2013-02-06T11:11:52.633+06:00,2013-02-06T11:11:52.633+06:00,2013-02-06T11:11:52.633+06:00,44420,0.9651269293668289
Музыкальный центр,"Phasellus mattis justo non metus vulputate vehicula. Aliquam imperdiet auctor nisl, vel malesuada magna malesuada quis. Nam rutrum enim sit amet varius interdum. Duis facilisis justo eget mauris hendrerit bibendum in eu nulla. Donec accumsan sapien vel nulla tristique, id convallis risus commodo. Phasellus feugiat diam enim, nec molestie urna porta vitae. Praesent cursus justo ac sapien maximus ullamcorper. Etiam tristique ex sit amet justo tristique scelerisque. Sed vulputate nunc eget finibus convallis. Ut sed lacinia libero. Etiam ac ultrices augue. Nam volutpat odio nec lacus vehicula, eget aliquam lorem ullamcorper. Sed tincidunt ultricies nisi, at faucibus enim aliquet ut. In purus augue, vehicula at suscipit non, hendrerit sit amet lectus. Vestibulum rhoncus, enim a bibendum interdum, nunc elit fringilla diam, vitae lobortis erat nisi dignissim diam.",88,Praesent ut ornare massa,in,2021-02-19T07:13:57.558+05:00,2021-02-19T07:13:57.558+05:00,2021-02-19T07:13:57.558+05:00,2021-02-19T07:13:57.558+05:00,2021-02-19T07:13:57.558+05:00,9553,0.41253409724558365
Music Whatchamacallit,"Nunc nec ante et metus malesuada blandit. Nullam eleifend nisl sed leo bibendum, quis laoreet massa vestibulum. Quisque vestibulum libero tempus nibh tincidunt, eget tempor turpis euismod. Donec dictum molestie mauris ac molestie. Mauris at fringilla augue, nec varius nibh. Morbi ultrices et neque eu suscipit. Aenean sagittis nisl eu dapibus semper. Praesent fermentum semper odio commodo euismod. Donec quis gravida lorem, vel ornare nunc. Ut venenatis id orci quis vehicula. Sed tortor ex, egestas a tempus id, sagittis at nulla.",201,"Integer interdum turpis ex, in vehicula magna consequat auctor",convallis,2013-01-22T05:14:23.244+06:00,2013-01-22T05:14:23.244+06:00,2013-01-22T05:14:23.244+06:00,2013-01-22T05:14:23.244+06:00,2013-01-22T05:14:23.244+06:00,41410,0.7023392863012365
Makeup Thingamajig,"Ut elementum metus eget lectus accumsan, eget pellentesque enim mollis. Morbi eu nisl rhoncus, congue libero non, porttitor lacus. Suspendisse potenti. Nullam justo nisi, sagittis nec mattis nec, tincidunt sit amet urna. Cras nec nisl ut tellus mollis tristique eu sit amet risus. Vestibulum ante ipsum primis in faucibus orci luctus et ultrices posuere cubilia curae; Nam a lectus nibh.",52,Integer placerat quis nulla ac vestibulum,sollicitudin,2013-09-11T02:02:38.674+06:00,2013-09-11T02:02:38.674+06:00,2013-09-11T02:02:38.674+06:00,2013-09-11T02:02:38.674+06:00,2013-09-11T02:02:38.674+06:00,4034,0.49508761022137027
Camping Attachment,"Pellentesque iaculis turpis felis, eu vestibulum tellus molestie ut. Orci varius natoque penatibus et magnis dis parturient montes, nascetur ridiculus mus. Phasellus molestie, nisi sit amet blandit gravida, felis libero ultrices risus, vel tincidunt nulla dolor sed ipsum. Integer est tortor, laoreet vitae neque eget, maximus bibendum lacus. Quisque odio ante, faucibus id sem a, vehicula elementum magna. Donec egestas id ligula eu euismod. Nullam aliquam justo a arcu malesuada, sed pulvinar mauris luctus. Nunc egestas elementum laoreet. Sed accumsan pretium interdum. Praesent maximus cursus imperdiet. Vestibulum libero purus, finibus eu maximus a, fermentum eget ex.",196,Aenean sit amet felis id purus commodo auctor id non odio,tristique,2011-12-04T23:02:11.091+06:00,2011-12-04T23:02:11.091+06:00,2011-12-04T23:02:11.091+06:00,2011-12-04T23:02:11.091+06:00,2011-12-04T23:02:11.091+06:00,9316,0.6117749410593474
Vitamin Implement,"Suspendisse dignissim tincidunt odio sed tempus. Fusce at nunc orci. Donec tempor tempus consectetur. Curabitur ullamcorper orci a eros ultrices vestibulum. Integer mollis odio efficitur, finibus magna et, sollicitudin lorem. Mauris interdum vitae quam ac ornare. Sed tellus est, iaculis quis justo vitae, fringilla consectetur nibh. Ut eleifend vehicula tempus. In gravida dolor dolor, id volutpat dui condimentum eu. Quisque iaculis lobortis porta. Donec tincidunt fringilla pretium. Interdum et malesuada fames ac ante ipsum primis in faucibus. Nullam sit amet efficitur nunc. Nulla efficitur lectus fermentum diam auctor vestibulum.",52,Nunc dignissim maximus varius,nec,2022-05-07T02:14:53.815+05:00,2022-05-07T02:14:53.815+05:00,2022-05-07T02:14:53.815+05:00,2022-05-07T02:14:53.815+05:00,2022-05-07T02:14:53.815+05:00,57029,0.7453128867002861
Bedding Mechanism,"Suspendisse hendrerit ornare lorem ut pulvinar. Aenean dolor felis, venenatis sollicitudin dignissim eu, feugiat sed orci. Mauris suscipit purus sed volutpat dictum. Nam varius magna et dolor tristique pretium. Donec id est consequat, dictum dui sit amet, lobortis ipsum. Proin vulputate pulvinar quam, aliquet iaculis eros pellentesque ac. Donec placerat eu metus a interdum. Phasellus diam felis, vestibulum in ornare et, euismod et dolor. Etiam molestie sed ex et auctor. Nunc ligula mi, scelerisque vitae lobortis vitae, blandit a dolor. Vestibulum quam eros, semper nec sollicitudin et, rhoncus ac nulla. Sed sed suscipit eros, nec posuere nulla. Nulla id mi quis lorem malesuada gravida.",215,"Donec purus arcu, convallis eget eros dapibus, euismod malesuada diam",turpis,2017-03-31T08:59:53.865+05:00,2017-03-31T08:59:53.865+05:00,2017-03-31T08:59:53.865+05:00,2017-03-31T08:59:53.865+05:00,2017-03-31T08:59:53.865+05:00,61998,0.686523695352463
Party Apparatus,"Integer tempor metus convallis lorem dignissim, vel porttitor mauris varius. Vestibulum sagittis dolor nec sodales rutrum. Interdum et malesuada fames ac ante ipsum primis in faucibus. Etiam quis tortor vel ex egestas varius a et metus. Sed ultrices urna turpis, et tempus dolor dignissim et. Integer placerat quis nulla ac vestibulum. Sed at faucibus libero. Aenean hendrerit lorem euismod turpis consectetur cursus. Mauris venenatis odio sit amet enim imperdiet pulvinar. Phasellus dignissim risus vitae tellus elementum convallis. Pellentesque elementum est lectus, vel feugiat urna malesuada sit amet. Proin quis enim ac ipsum fermentum iaculis sed vel sapien. Maecenas quis libero eget nisl faucibus laoreet.",94,Proin accumsan tortor euismod tincidunt fringilla,nisl,2014-07-17T06:54:10.541+06:00,2014-07-17T06:54:10.541+06:00,2014-07-17T06:54:10.541+06:00,2014-07-17T06:54:10.541+06:00,2014-07-17T06:54:10.541+06:00,48984,0.1602073983723733
Phone Gadget,"Duis sodales dignissim leo vitae convallis. Praesent rhoncus pulvinar lectus quis suscipit. Vestibulum ante ipsum primis in faucibus orci luctus et ultrices posuere cubilia curae; Nunc ut elementum neque. Cras est ipsum, molestie vel vulputate vulputate, iaculis ac tellus. Nulla consectetur non ante et auctor. Etiam sodales lectus vel lectus scelerisque pretium ut sed felis. Maecenas congue felis vitae sapien dignissim rutrum. Proin in mi ex.",75,Vestibulum blandit mi quis leo euismod faucibus,ornare,2014-03-13T23:44:28.667+06:00,2014-03-13T23:44:28.667+06:00,2014-03-13T23:44:28.667+06:00,2014-03-13T23:44:28.667+06:00,2014-03-13T23:44:28.667+06:00,51476,0.09022238932916095
Camping Doodad,"Morbi sit amet molestie turpis, convallis facilisis sapien. Suspendisse vitae venenatis orci. Ut eleifend quis quam id mattis. Nulla ac libero felis. Fusce elit mi, tincidunt quis nisl commodo, ultrices ornare sem. Phasellus purus mauris, bibendum sit amet leo eu, tempor vestibulum neque. Pellentesque lacinia nisl rutrum tempor tincidunt. Proin vehicula felis non ligula sollicitudin placerat ut nec mauris. Ut cursus vehicula fringilla. Curabitur egestas molestie tortor, vitae maximus velit auctor in. Sed quis cursus turpis, lacinia interdum dolor. Morbi et dui justo. Ut facilisis a massa vitae porttitor. Cras mauris orci, ornare in ex sed, dapibus semper mauris. Proin in sapien est.",34,Quisque fringilla maximus nulla condimentum eleifend,finibus,2020-03-24T04:09:16.129+05:00,2020-03-24T04:09:16.129+05:00,2020-03-24T04:09:16.129+05:00,2020-03-24T04:09:16.129+05:00,2020-03-24T04:09:16.129+05:00,23996,0.1735886485452786
Makeup Rig,"Maecenas maximus condimentum efficitur. Phasellus vitae ullamcorper lectus, non mattis augue. Phasellus vel efficitur ipsum. Praesent tempus porttitor ante, ut efficitur diam mollis vel. Vestibulum quis accumsan turpis. Integer accumsan, felis quis fringilla dignissim, nisl magna pulvinar lacus, nec aliquam mauris enim ut risus. In ultrices tempus nibh, rutrum dictum quam faucibus quis. Donec ut nunc nec nisl elementum consectetur.",72,In hac habitasse platea dictumst,Nam,2010-05-07T05:40:25.880+06:00,2010-05-07T05:40:25.880+06:00,2010-05-07T05:40:25.880+06:00,2010-05-07T05:40:25.880+06:00,2010-05-07T05:40:25.880+06:00,28216,0.9738244204262632
Furniture Gizmo,"Phasellus eget fringilla justo. Integer sem mauris, viverra non ligula sagittis, consectetur pharetra tortor. Donec et varius leo. Lorem ipsum dolor sit amet, consectetur adipiscing elit. Etiam pharetra mollis ante, eget vestibulum turpis vestibulum vel. Donec dictum, tellus vitae fermentum egestas, erat leo tristique orci, ut aliquet lectus massa sed mauris. Integer viverra hendrerit nisl a vulputate. Pellentesque finibus auctor nisl, nec aliquet magna cursus ut.",55,"Vestibulum sollicitudin dignissim mauris, vitae aliquet nisi vestibulum vitae.",ridiculus,2022-10-20T22:53:10.731+05:00,2022-10-20T22:53:10.731+05:00,2022-10-20T22:53:10.731+05:00,2022-10-20T22:53:10.731+05:00,2022-10-20T22:53:10.731+05:00,22839,0.3611443975528101
Game Attachment,"Fusce commodo elit et dui efficitur, sit amet convallis ante ultrices. Morbi vel consequat lacus. Donec feugiat tellus in odio volutpat commodo. Nullam vestibulum augue id ipsum venenatis lobortis. Mauris mattis mauris vitae scelerisque condimentum. Integer et urna laoreet, ullamcorper dui faucibus, ullamcorper dui. Pellentesque venenatis dignissim felis luctus eleifend.",124,"Vivamus tellus mi, ullamcorper et volutpat sed, consequat quis ipsum",eget,2022-04-06T23:07:25.693+05:00,2022-04-06T23:07:25.693+05:00,2022-04-06T23:07:25.693+05:00,2022-04-06T23:07:25.693+05:00,2022-04-06T23:07:25.693+05:00,61159,0.8812600207968275
Outdoors Equipment,"Nulla facilisi. Aliquam imperdiet bibendum nisi vitae condimentum. Suspendisse eleifend nibh in enim ornare, id tempus orci dapibus. Proin sed scelerisque neque. Vestibulum blandit mi quis leo euismod faucibus. Vestibulum eget libero eget nibh sodales vehicula vitae ut est. Integer vel commodo massa, eget imperdiet sapien. Mauris auctor elementum nibh, ac vehicula leo pellentesque quis. Cras pulvinar ipsum vulputate, hendrerit quam ut, ullamcorper lectus.",170,Nam commodo pulvinar augue vel euismod,sed,2011-12-05T20:45:05.273+06:00,2011-12-05T20:45:05.273+06:00,2011-12-05T20:45:05.273+06:00,2011-12-05T20:45:05.273+06:00,2011-12-05T20:45:05.273+06:00,27467,0.9518808186440293
Baby Rig,"Ut venenatis id velit id interdum. Maecenas eu posuere sapien. Integer viverra commodo dui, eu tristique odio efficitur vehicula. Mauris vitae nulla interdum, consectetur nunc eu, maximus nibh. Curabitur id est egestas neque mattis laoreet vel vitae lectus. Quisque et tortor in justo venenatis facilisis a ac quam. Proin pellentesque ac velit a bibendum. Quisque varius semper orci, sit amet auctor metus venenatis sed. Mauris orci ex, convallis efficitur dapibus id, viverra ac nibh.",49,"Duis elit diam, finibus et lectus nec, auctor malesuada neque",sem,2023-08-02T16:16:26.270+05:00,2023-08-02T16:16:26.270+05:00,2023-08-02T16:16:26.270+05:00,2023-08-02T16:16:26.270+05:00,2023-08-02T16:16:26.270+05:00,44596,0.7603701554923684
Dining Accessory,"Suspendisse ac nibh lacinia, maximus magna id, auctor erat. Proin auctor ultrices erat, id blandit arcu maximus vitae. Phasellus eu urna sapien. Vestibulum ornare arcu est. Integer viverra venenatis mauris, a pharetra dolor accumsan a. Nunc porta egestas arcu. Nunc quis odio id augue scelerisque finibus. Donec ultrices in felis in tincidunt. Integer pharetra massa at aliquet vestibulum. Lorem ipsum dolor sit amet, consectetur adipiscing elit. Nullam aliquet justo eu tortor vehicula tincidunt. Vestibulum commodo, purus sit amet sollicitudin tincidunt, eros nibh lobortis massa, at blandit lectus turpis quis nulla. Proin accumsan tortor euismod tincidunt fringilla. Nunc a augue ante. Proin posuere dolor non turpis mattis varius. Suspendisse porttitor ornare rhoncus.",202,"Suspendisse blandit mauris finibus sapien pulvinar, nec bibendum ligula tempus",risus,2023-01-13T18:43:45.679+05:00,2023-01-13T18:43:45.679+05:00,2023-01-13T18:43:45.679+05:00,2023-01-13T18:43:45.679+05:00,2023-01-13T18:43:45.679+05:00,63719,0.03565685801912418
Storage Equipment,"Vestibulum ante ipsum primis in faucibus orci luctus et ultrices posuere cubilia curae; Suspendisse luctus luctus metus et eleifend. Donec pharetra sem congue elementum venenatis. Nulla vitae odio urna. Ut sit amet eros orci. Praesent dictum ac dui a efficitur. Ut non hendrerit velit, nec mattis dolor. Ut venenatis elit quam, eget pulvinar augue finibus sed. Proin mi magna, venenatis eu sagittis vel, porttitor vel velit. Pellentesque nisl lacus, aliquam quis turpis ac, congue mollis arcu. Suspendisse eu nunc consequat, tincidunt diam eget, ornare diam. Curabitur iaculis vitae erat in eleifend.",36,Etiam nec malesuada tellus,massa,2014-06-11T10:00:35.852+06:00,2014-06-11T10:00:35.852+06:00,2014-06-11T10:00:35.852+06:00,2014-06-11T10:00:35.852+06:00,2014-06-11T10:00:35.852+06:00,38115,0.23368298187222403
Engine Whatchamacallit,"Donec sed enim nulla. Phasellus molestie justo a metus pellentesque finibus. Vivamus justo nulla, tempus et magna et, cursus scelerisque turpis. Curabitur vulputate quam sit amet orci semper, vel efficitur ipsum tempor. Donec a sapien dictum, porttitor nibh ut, tempus urna. Nunc vel dignissim mauris. Nam sit amet purus id velit imperdiet luctus et ut lorem. Aenean dignissim urna et ante ullamcorper, eget finibus lorem feugiat. Curabitur dapibus ultricies felis, vel ullamcorper erat ultrices eu.",144,"Praesent aliquam tellus lobortis arcu rutrum, ac tincidunt arcu egestas",amet,2017-05-14T05:02:26.479+05:00,2017-05-14T05:02:26.479+05:00,2017-05-14T05:02:26.479+05:00,2017-05-14T05:02:26.479+05:00,2017-05-14T05:02:26.479+05:00,55987,0.1379813170918458
Nutrition Kit,"Integer quis consectetur libero. Aenean vehicula, dui ac molestie dapibus, dui diam semper urna, eu porta elit magna eget justo. Aliquam eget elit ultricies, molestie leo vel, vulputate tortor. Donec eget lectus nec libero accumsan finibus. Suspendisse dictum ante id finibus imperdiet. Nulla vulputate lobortis odio ac mollis. Curabitur porta vulputate dui, ut ultrices tortor ultricies eget. Donec sit amet rutrum lacus. Phasellus at ipsum pellentesque metus molestie rutrum. Donec maximus ligula laoreet massa vehicula interdum at ac dolor. Praesent faucibus, nibh sed convallis lobortis, enim erat gravida ante, ut vehicula quam orci in orci. In sit amet posuere diam.",108,"Aliquam venenatis nunc justo, at dignissim arcu bibendum non",congue,2016-08-06T17:42:31.044+05:00,2016-08-06T17:42:31.044+05:00,2016-08-06T17:42:31.044+05:00,2016-08-06T17:42:31.044+05:00,2016-08-06T17:42:31.044+05:00,7398,0.618785975471167
Skin Care Widget,"In hac habitasse platea dictumst. Pellentesque eleifend ante quis magna gravida rhoncus. Nullam ut lorem eu ipsum elementum convallis id sit amet mauris. Praesent ac nulla et nibh fringilla ultricies. Pellentesque mauris ante, congue ut arcu sit amet, varius eleifend erat. Class aptent taciti sociosqu ad litora torquent per conubia nostra, per inceptos himenaeos. Maecenas ac enim lectus. Quisque arcu risus, laoreet dictum massa nec, aliquam hendrerit dui. Proin molestie augue sit amet fermentum mattis. Ut rhoncus malesuada eleifend. Integer viverra lobortis malesuada. Fusce at arcu non orci hendrerit tincidunt. In mattis pulvinar ex in lobortis.",129,"Curabitur nunc arcu, rutrum eget mattis id, semper in mi",id,2023-02-13T10:53:37.858+05:00,2023-02-13T10:53:37.858+05:00,2023-02-13T10:53:37.858+05:00,2023-02-13T10:53:37.858+05:00,2023-02-13T10:53:37.858+05:00,41356,0.04189744619916008
Hair Care Mechanism,"Phasellus vehicula sem in nisl consectetur, vel tincidunt tortor blandit. Proin gravida mauris vel sem lacinia mattis. Sed in rhoncus lacus. Lorem ipsum dolor sit amet, consectetur adipiscing elit. Donec ex erat, auctor ac facilisis at, bibendum at nisi. Etiam interdum odio nec suscipit finibus. Etiam pretium erat non elit tempor, quis pretium nisi condimentum. Pellentesque sollicitudin urna sapien, sed viverra libero aliquet a. Proin ultrices velit ut arcu cursus, quis consectetur tellus finibus. Aliquam tempus auctor velit ut dictum.",244,"Sed ultrices urna turpis, et tempus dolor dignissim et",erat,2017-04-05T15:30:16.778+05:00,2017-04-05T15:30:16.778+05:00,2017-04-05T15:30:16.778+05:00,2017-04-05T15:30:16.778+05:00,2017-04-05T15:30:16.778+05:00,22005,0.26218842576007667
Womens Gizmo,"Praesent ut nibh vitae eros vestibulum semper. Vivamus sed ligula sit amet justo placerat vulputate. Quisque faucibus aliquet dolor. Proin mattis turpis sed tempor cursus. Aliquam laoreet leo quam, eu tincidunt dolor consectetur sed. Sed congue vehicula lectus, sed iaculis felis rhoncus sit amet. Integer efficitur viverra sapien, sed venenatis eros sagittis at. In consectetur libero id mauris malesuada lobortis. Proin dignissim orci urna, eget congue ipsum pharetra sed. Integer sagittis congue diam, eget volutpat lacus luctus sit amet. Etiam viverra, lacus ac mollis suscipit, eros enim varius metus, a pulvinar velit nunc congue sapien. Sed id congue augue.",19,Morbi a augue quam,vulputate,2017-11-12T10:13:36.152+05:00,2017-11-12T10:13:36.152+05:00,2017-11-12T10:13:36.152+05:00,2017-11-12T10:13:36.152+05:00,2017-11-12T10:13:36.152+05:00,46991,0.32868180270131825
Womens Machine,"Morbi nulla massa, accumsan ut congue tempus, aliquam sit amet libero. Mauris euismod, est nec consectetur blandit, diam nisi lobortis enim, vitae suscipit libero erat hendrerit sapien. Nam vel sapien ipsum. Quisque sagittis lectus lacinia orci aliquet sollicitudin. Integer convallis turpis vitae condimentum tincidunt. Phasellus quis erat at sem dignissim tempor eu quis purus. Sed viverra ullamcorper volutpat.",72,"Suspendisse blandit mauris finibus sapien pulvinar, nec bibendum ligula tempus",Ut,2018-11-13T04:28:35.632+05:00,2018-11-13T04:28:35.632+05:00,2018-11-13T04:28:35.632+05:00,2018-11-13T04:28:35.632+05:00,2018-11-13T04:28:35.632+05:00,22766,0.16786286092817368
Bath Apparatus,,102,Integer egestas augue quis sodales dictum.,Nam,2010-10-02T07:19:42.779+06:00,2010-10-02T07:19:42.779+06:00,2010-10-02T07:19:42.779+06:00,2010-10-02T07:19:42.779+06:00,2010-10-02T07:19:42.779+06:00,2609,0.3564078619351689
Mens Device,"Vestibulum lacinia massa nec viverra vulputate. Cras a ante sem. Morbi interdum lobortis lacus id ullamcorper. Integer pellentesque fringilla libero quis cursus. Curabitur vitae dictum nibh, non accumsan turpis. Quisque aliquam nec nibh a aliquam. Curabitur nunc arcu, rutrum eget mattis id, semper in mi. In arcu augue, commodo sit amet finibus eget, dignissim in quam. Nulla sollicitudin enim in nibh venenatis, in cursus dui hendrerit. Morbi at mollis nulla.",183,"Vivamus fringilla dui quis mi iaculis, eget sodales arcu vulputate",eget,2010-02-23T05:53:01.647+05:00,2010-02-23T05:53:01.647+05:00,2010-02-23T05:53:01.647+05:00,2010-02-23T05:53:01.647+05:00,2010-02-23T05:53:01.647+05:00,48456,0.9582035715985763
Kitchen Rig,"Etiam neque libero, semper sed ex eu, rutrum dignissim diam. Maecenas nisi libero, dignissim nec faucibus nec, elementum vitae neque. Phasellus a augue lacus. Maecenas ac porttitor justo. Quisque lacus urna, tristique quis ex vel, ullamcorper suscipit nibh. Donec ut purus lacus. Interdum et malesuada fames ac ante ipsum primis in faucibus. Etiam vitae ex vel tortor viverra dictum a nec arcu.",127,"Pellentesque iaculis turpis felis, eu vestibulum tellus molestie ut",varius,2018-06-03T20:46:14.664+05:00,2018-06-03T20:46:14.664+05:00,2018-06-03T20:46:14.664+05:00,2018-06-03T20:46:14.664+05:00,2018-06-03T20:46:14.664+05:00,63660,0.24543361512319645
Hair Care Contraption,"Quisque nec imperdiet lectus. Aliquam justo dolor, vestibulum ac sem nec, facilisis ornare arcu. Nulla cursus dignissim risus et vulputate. Sed placerat urna quis leo sollicitudin efficitur non vitae risus. Quisque fringilla maximus nulla condimentum eleifend. Proin commodo varius lorem nec venenatis. Aliquam ipsum massa, posuere vestibulum venenatis sit amet, sagittis ac nunc.",46,"Orci varius natoque penatibus et magnis dis parturient montes, nascetur ridiculus mus",Sed,2013-02-01T16:41:06.161+06:00,2013-02-01T16:41:06.161+06:00,2013-02-01T16:41:06.161+06:00,2013-02-01T16:41:06.161+06:00,2013-02-01T16:41:06.161+06:00,2536,0.03648232787432667
Cooking Contraption,"Suspendisse placerat non erat quis aliquam. Maecenas pulvinar sollicitudin pretium. Class aptent taciti sociosqu ad litora torquent per conubia nostra, per inceptos himenaeos. In gravida ligula in sapien blandit volutpat. Suspendisse porttitor dolor et neque condimentum, non consequat ligula commodo. Aenean ultricies nisl mauris, ac gravida dolor tempus et. Nullam et malesuada justo, ac scelerisque libero. Sed ultrices nunc enim. Integer posuere nulla egestas dignissim faucibus. Integer egestas augue quis sodales dictum.",233,Vivamus in est et elit dignissim dignissim,tincidunt,2023-09-18T01:33:09.370+05:00,2023-09-18T01:33:09.370+05:00,2023-09-18T01:33:09.370+05:00,2023-09-18T01:33:09.370+05:00,2023-09-18T01:33:09.370+05:00,6121,0.8352247778334843
Party Component,"Nunc pharetra, tortor eu placerat sagittis, ligula eros gravida neque, luctus interdum purus ipsum et diam. Phasellus quis leo vitae sem commodo tempus a at odio. Nam venenatis metus nibh, malesuada vestibulum purus consectetur eu. Morbi at tincidunt leo, eu rutrum lorem. Pellentesque quis mollis tortor. Interdum et malesuada fames ac ante ipsum primis in faucibus. Phasellus sed erat ac lorem facilisis fermentum. Cras venenatis diam in mi sodales commodo. Integer vitae ipsum sed erat tincidunt euismod in a odio. Donec lacus sapien, mollis nec consequat at, sodales sit amet orci. Donec fermentum neque orci, ac lobortis metus suscipit non. Phasellus vehicula mauris vitae ante rhoncus, et volutpat sapien faucibus. Mauris auctor libero eu hendrerit consectetur. Pellentesque elementum, velit id iaculis fermentum, felis velit molestie neque, at pharetra leo risus vitae mi. In tempor tortor sit amet leo sollicitudin, ultrices commodo turpis posuere. Donec molestie fermentum velit, in blandit lectus pharetra vitae.",38,"Donec blandit eros quis nunc facilisis, eu vestibulum nulla eleifend",Proin,2023-09-14T07:15:17.888+05:00,2023-09-14T07:15:17.888+05:00,2023-09-14T07:15:17.888+05:00,2023-09-14T07:15:17.888+05:00,2023-09-14T07:15:17.888+05:00,60857,0.8942823312919338
Sports Kit,"Suspendisse placerat non erat quis aliquam. Maecenas pulvinar sollicitudin pretium. Class aptent taciti sociosqu ad litora torquent per conubia nostra, per inceptos himenaeos. In gravida ligula in sapien blandit volutpat. Suspendisse porttitor dolor et neque condimentum, non consequat ligula commodo. Aenean ultricies nisl mauris, ac gravida dolor tempus et. Nullam et malesuada justo, ac scelerisque libero. Sed ultrices nunc enim. Integer posuere nulla egestas dignissim faucibus. Integer egestas augue quis sodales dictum.",136,"Aliquam ultricies, felis vel gravida facilisis, lorem quam blandit diam, vestibulum interdum quam lacus at urna",Sed,2019-08-07T22:56:24.355+05:00,2019-08-07T22:56:24.355+05:00,2019-08-07T22:56:24.355+05:00,2019-08-07T22:56:24.355+05:00,2019-08-07T22:56:24.355+05:00,7808,0.03613434723898357
Baby Accessory,"Cras suscipit erat sapien, id elementum erat porta eget. Donec sagittis auctor nisi, id bibendum neque ultrices eget. Suspendisse potenti. Orci varius natoque penatibus et magnis dis parturient montes, nascetur ridiculus mus. Curabitur vitae nibh enim. Ut mollis ligula quis nisi venenatis, eget venenatis tellus ultricies. Fusce nec diam aliquet, faucibus erat in, accumsan arcu. Phasellus nec nulla eget leo pharetra aliquet ut id eros. Proin interdum, nibh tincidunt varius facilisis, libero ante maximus urna, nec pulvinar tortor elit in diam. Lorem ipsum dolor sit amet, consectetur adipiscing elit. Nullam quis sem placerat, dictum massa sit amet, rhoncus dolor. Etiam massa massa, blandit non vehicula sit amet, tincidunt sed lectus. Fusce pellentesque id eros eu pellentesque. Morbi eget rhoncus sem.",241,Donec et varius leo,vitae,2012-04-15T04:22:57.549+06:00,2012-04-15T04:22:57.549+06:00,2012-04-15T04:22:57.549+06:00,2012-04-15T04:22:57.549+06:00,2012-04-15T04:22:57.549+06:00,41872,0.8977661167355404
First Aid Mechanism,"Suspendisse facilisis, magna quis laoreet interdum, ligula elit porta augue, nec malesuada eros sapien eu nisl. In sed lacus ac mi placerat congue. Suspendisse massa orci, iaculis id facilisis tempus, gravida in est. Vestibulum eu lacus eget massa dignissim efficitur vitae malesuada leo. Quisque ultricies massa turpis, quis venenatis justo vehicula vel. Donec eu cursus turpis. Aliquam vel vulputate eros, eget faucibus elit. Phasellus vel egestas orci, vel cursus neque. Suspendisse feugiat sapien orci. Curabitur rhoncus ultricies laoreet. In vitae euismod tortor, sed rutrum lorem. Vivamus at augue scelerisque, bibendum est vel, aliquam ligula. Aliquam sagittis ornare neque, sed fermentum nisi cursus ut. Donec purus arcu, convallis eget eros dapibus, euismod malesuada diam. Vivamus congue, metus in fringilla facilisis, ante orci posuere turpis, nec malesuada massa nisi dignissim mi. Donec sed augue lectus.",10,Morbi et dui justo,sollicitudin,2015-04-10T06:44:39.339+05:00,2015-04-10T06:44:39.339+05:00,2015-04-10T06:44:39.339+05:00,2015-04-10T06:44:39.339+05:00,2015-04-10T06:44:39.339+05:00,32759,0.8207612546546873
Dog Widget,"In hac habitasse platea dictumst. Donec a tincidunt dolor. Vestibulum sed felis et dui dignissim blandit. Integer ligula leo, blandit ut lorem tempus, eleifend convallis odio. Nam a eleifend tortor. Etiam tincidunt vestibulum feugiat. Quisque vel felis libero. Quisque sed nisi velit. Vestibulum venenatis pellentesque augue in dictum.",60,"Aenean pretium viverra eros, at mattis libero",eget,2010-03-20T14:16:29.950+05:00,2010-03-20T14:16:29.950+05:00,2010-03-20T14:16:29.950+05:00,2010-03-20T14:16:29.950+05:00,2010-03-20T14:16:29.950+05:00,28491,0.7963538175884156
Outdoors Item,"Donec sed enim nulla. Phasellus molestie justo a metus pellentesque finibus. Vivamus justo nulla, tempus et magna et, cursus scelerisque turpis. Curabitur vulputate quam sit amet orci semper, vel efficitur ipsum tempor. Donec a sapien dictum, porttitor nibh ut, tempus urna. Nunc vel dignissim mauris. Nam sit amet purus id velit imperdiet luctus et ut lorem. Aenean dignissim urna et ante ullamcorper, eget finibus lorem feugiat. Curabitur dapibus ultricies felis, vel ullamcorper erat ultrices eu.",28,In id tortor lectus,lacus,2011-04-07T03:50:39.371+06:00,2011-04-07T03:50:39.371+06:00,2011-04-07T03:50:39.371+06:00,2011-04-07T03:50:39.371+06:00,2011-04-07T03:50:39.371+06:00,55279,0.5335204195310873
Makeup Component,"Fusce commodo elit et dui efficitur, sit amet convallis ante ultrices. Morbi vel consequat lacus. Donec feugiat tellus in odio volutpat commodo. Nullam vestibulum augue id ipsum venenatis lobortis. Mauris mattis mauris vitae scelerisque condimentum. Integer et urna laoreet, ullamcorper dui faucibus, ullamcorper dui. Pellentesque venenatis dignissim felis luctus eleifend.",153,Nulla nec gravida sapien,tempor,2010-04-13T18:20:22.431+06:00,2010-04-13T18:20:22.431+06:00,2010-04-13T18:20:22.431+06:00,2010-04-13T18:20:22.431+06:00,2010-04-13T18:20:22.431+06:00,22204,0.3619170102205444
Bedding Mechanism,"Nunc nec ante et metus malesuada blandit. Nullam eleifend nisl sed leo bibendum, quis laoreet massa vestibulum. Quisque vestibulum libero tempus nibh tincidunt, eget tempor turpis euismod. Donec dictum molestie mauris ac molestie. Mauris at fringilla augue, nec varius nibh. Morbi ultrices et neque eu suscipit. Aenean sagittis nisl eu dapibus semper. Praesent fermentum semper odio commodo euismod. Donec quis gravida lorem, vel ornare nunc. Ut venenatis id orci quis vehicula. Sed tortor ex, egestas a tempus id, sagittis at nulla.",83,"Suspendisse in purus semper, suscipit urna nec, tempus lorem",est,2019-06-21T16:43:07.145+05:00,2019-06-21T16:43:07.145+05:00,2019-06-21T16:43:07.145+05:00,2019-06-21T16:43:07.145+05:00,2019-06-21T16:43:07.145+05:00,57849,0.7914282845457761
Game Equipment,"Vivamus eu lacus magna. Fusce sollicitudin maximus ante sed semper. Nulla facilisi. Suspendisse ultricies mi eget nisi vehicula, at aliquam nunc interdum. Nulla neque tellus, ultrices non consequat vitae, vehicula vulputate orci. Vivamus iaculis urna non enim maximus condimentum. Aliquam porttitor egestas viverra. Suspendisse elementum magna mauris, vitae vestibulum orci porttitor quis. Interdum et malesuada fames ac ante ipsum primis in faucibus. Pellentesque vehicula efficitur libero. In bibendum scelerisque lectus, sed vulputate diam gravida nec. Nulla congue bibendum velit dictum pulvinar. Cras pharetra libero a tempor tincidunt. Mauris eget ullamcorper nibh.",25,Maecenas ut lorem quis mi tempor finibus at sit amet dolor,in,2021-06-09T19:12:49.385+05:00,2021-06-09T19:12:49.385+05:00,2021-06-09T19:12:49.385+05:00,2021-06-09T19:12:49.385+05:00,2021-06-09T19:12:49.385+05:00,1491,0.3971736642330624
Фитнес Supplies,"Donec elementum volutpat porttitor. Phasellus eget lectus vitae neque convallis accumsan. Cras aliquam lobortis metus id pulvinar. Pellentesque ut volutpat augue. Phasellus feugiat tristique est, vitae laoreet libero maximus quis. Nam fringilla aliquet tellus ac pretium. Quisque pulvinar augue eget nunc mollis, nec luctus ex lobortis. Phasellus a sagittis justo. Cras placerat sem in eros bibendum dapibus et ut nulla. Nulla cursus libero odio, vel volutpat diam vulputate eu. Proin id dolor dolor. Integer ut vehicula odio, eget rhoncus tellus. Integer quis tristique magna, eu fringilla lorem. Cras vehicula, justo sit amet congue fringilla, quam augue interdum nulla, at pretium massa tellus in arcu. Pellentesque vel suscipit metus.",134,Fusce quis dui sed ligula viverra tempus in ac orci,eleifend,2017-08-21T15:39:22.648+05:00,2017-08-21T15:39:22.648+05:00,2017-08-21T15:39:22.648+05:00,2017-08-21T15:39:22.648+05:00,2017-08-21T15:39:22.648+05:00,60716,0.150409565372633
Gardening Contraption,"Suspendisse ac nibh lacinia, maximus magna id, auctor erat. Proin auctor ultrices erat, id blandit arcu maximus vitae. Phasellus eu urna sapien. Vestibulum ornare arcu est. Integer viverra venenatis mauris, a pharetra dolor accumsan a. Nunc porta egestas arcu. Nunc quis odio id augue scelerisque finibus. Donec ultrices in felis in tincidunt. Integer pharetra massa at aliquet vestibulum. Lorem ipsum dolor sit amet, consectetur adipiscing elit. Nullam aliquet justo eu tortor vehicula tincidunt. Vestibulum commodo, purus sit amet sollicitudin tincidunt, eros nibh lobortis massa, at blandit lectus turpis quis nulla. Proin accumsan tortor euismod tincidunt fringilla. Nunc a augue ante. Proin posuere dolor non turpis mattis varius. Suspendisse porttitor ornare rhoncus.",33,"Cras ligula nulla, dignissim at ultrices quis, dapibus at ante",sit,2014-10-29T07:21:08.642+05:00,2014-10-29T07:21:08.642+05:00,2014-10-29T07:21:08.642+05:00,2014-10-29T07:21:08.642+05:00,2014-10-29T07:21:08.642+05:00,22079,0.8442626590275708
Technology Apparatus,"In molestie tortor sit amet orci dapibus, sed pellentesque velit laoreet. Suspendisse blandit mauris finibus sapien pulvinar, nec bibendum ligula tempus. Praesent vitae maximus quam. Morbi at mattis lorem. Nullam cursus consectetur odio, eget convallis ante semper id. Praesent eget velit quam. Nulla et lectus tellus. Aliquam ultrices, est vitae vestibulum scelerisque, urna purus vulputate neque, eu laoreet quam sapien non massa. Nam porttitor sagittis elementum. Cras posuere fermentum justo, at mollis ipsum semper a. Donec id suscipit ipsum, eu ullamcorper turpis. Aenean laoreet nulla id quam fermentum facilisis. Vivamus mauris quam, accumsan at metus ut, ullamcorper luctus sem. Suspendisse in purus semper, suscipit urna nec, tempus lorem. Vivamus venenatis tempus nulla. Mauris sem erat, fringilla id lectus sit amet, vestibulum tempor arcu.",215,Nam commodo pulvinar augue vel euismod,ultricies,2019-08-24T15:52:15.908+05:00,2019-08-24T15:52:15.908+05:00,2019-08-24T15:52:15.908+05:00,2019-08-24T15:52:15.908+05:00,2019-08-24T15:52:15.908+05:00,62129,0.9232956890321109
Movie Equipment,"Proin sapien tortor, fermentum eu ante vel, faucibus euismod tellus. Aenean pretium mauris id velit elementum, eu scelerisque metus condimentum. Vivamus suscipit dolor in nisi dapibus fermentum. Mauris tortor augue, commodo sit amet ipsum ac, porttitor aliquet augue. Class aptent taciti sociosqu ad litora torquent per conubia nostra, per inceptos himenaeos. Vivamus facilisis ornare justo, sed faucibus quam ornare ac. In hac habitasse platea dictumst. Proin vitae ligula ut enim gravida viverra. Etiam purus leo, consequat ut congue a, posuere eu quam. Aenean vitae consequat elit. Pellentesque id ultricies ante, vel feugiat ipsum. Aenean pulvinar tincidunt neque, eget rhoncus nulla congue ut. Donec nulla urna, maximus ut tellus in, accumsan mollis sem.",69,"Integer accumsan, felis quis fringilla dignissim, nisl magna pulvinar lacus, nec aliquam mauris enim ut risus",fringilla,2015-10-21T20:09:29.873+05:00,2015-10-21T20:09:29.873+05:00,2015-10-21T20:09:29.873+05:00,2015-10-21T20:09:29.873+05:00,2015-10-21T20:09:29.873+05:00,47328,0.2290617333422373
Dog Implement,"Proin finibus risus ut dui vulputate malesuada. Maecenas aliquet egestas aliquet. Morbi dignissim ipsum orci, sit amet malesuada tortor venenatis tempor. Pellentesque molestie elementum nisl, at finibus nisi rutrum quis. Nam in est id purus laoreet tincidunt nec nec justo. Suspendisse porta, orci nec varius convallis, orci erat pellentesque libero, dictum venenatis tortor nunc eget neque. Fusce quis vulputate ante, non iaculis mauris. Phasellus sed est eros. Suspendisse sem justo, iaculis ut urna suscipit, cursus gravida libero. Donec vehicula porttitor nibh et posuere. Phasellus tempus justo a lectus vulputate, auctor accumsan libero interdum.",226,"Sed non urna iaculis, ultrices ligula id, ultricies lacus",vestibulum,2018-09-07T20:48:06.908+05:00,2018-09-07T20:48:06.908+05:00,2018-09-07T20:48:06.908+05:00,2018-09-07T20:48:06.908+05:00,2018-09-07T20:48:06.908+05:00,31924,0.0198656492332684
Kids Paraphernalia,"In pulvinar ullamcorper lectus, id venenatis magna tincidunt eu. Etiam maximus blandit lacinia. Quisque malesuada auctor posuere. Donec iaculis ante in arcu hendrerit euismod. Mauris vel tincidunt risus. In bibendum, nisl nec aliquet blandit, neque nulla semper enim, ac mattis ligula ante ac tellus. Fusce maximus, turpis ut facilisis interdum, quam nisl mollis diam, quis commodo dui est a est.",156,"Suspendisse porttitor dolor et neque condimentum, non consequat ligula commodo",magna,2016-07-04T11:24:09.186+05:00,2016-07-04T11:24:09.186+05:00,2016-07-04T11:24:09.186+05:00,2016-07-04T11:24:09.186+05:00,2016-07-04T11:24:09.186+05:00,1895,0.19833987440133502
Toy Doodad,"Praesent nec euismod ex. Cras pharetra auctor imperdiet. Maecenas nisi ipsum, tristique eu metus eu, tincidunt accumsan nibh. Aenean et purus faucibus, fermentum risus eget, posuere diam. Fusce eget orci non sapien gravida sagittis. Curabitur placerat condimentum tortor. Duis cursus feugiat sem, quis convallis mi lobortis vitae. Praesent in dui mi. Ut egestas consectetur massa, vitae vulputate diam feugiat vitae. Nam tincidunt dui massa, et lacinia arcu cursus a. Orci varius natoque penatibus et magnis dis parturient montes, nascetur ridiculus mus. Mauris eu malesuada elit. Praesent accumsan venenatis leo eget tempor. Quisque luctus consequat faucibus.",101,Sed in rhoncus lacus,mus,2023-07-11T23:36:16.271+05:00,2023-07-11T23:36:16.271+05:00,2023-07-11T23:36:16.271+05:00,2023-07-11T23:36:16.271+05:00,2023-07-11T23:36:16.271+05:00,52904,0.6018333851963651
Camera Gadget,"Integer tempor metus convallis lorem dignissim, vel porttitor mauris varius. Vestibulum sagittis dolor nec sodales rutrum. Interdum et malesuada fames ac ante ipsum primis in faucibus. Etiam quis tortor vel ex egestas varius a et metus. Sed ultrices urna turpis, et tempus dolor dignissim et. Integer placerat quis nulla ac vestibulum. Sed at faucibus libero. Aenean hendrerit lorem euismod turpis consectetur cursus. Mauris venenatis odio sit amet enim imperdiet pulvinar. Phasellus dignissim risus vitae tellus elementum convallis. Pellentesque elementum est lectus, vel feugiat urna malesuada sit amet. Proin quis enim ac ipsum fermentum iaculis sed vel sapien. Maecenas quis libero eget nisl faucibus laoreet.",68,"Nam a massa suscipit, tempor lorem sed, maximus elit",quis,2017-02-20T22:33:57.469+05:00,2017-02-20T22:33:57.469+05:00,2017-02-20T22:33:57.469+05:00,2017-02-20T22:33:57.469+05:00,2017-02-20T22:33:57.469+05:00,54450,0.6338577406362472
Nutrition Contraption,"Nam nisl ligula, euismod a turpis sed, ornare commodo odio. Vivamus nec nisl eget libero finibus posuere. Etiam ac libero lacinia, maximus arcu id, maximus diam. Aliquam venenatis nunc justo, at dignissim arcu bibendum non. Sed in enim at felis tempus dictum sed vel mi. Duis at arcu non leo facilisis ullamcorper in sit amet orci. Mauris et libero tincidunt, congue magna ut, gravida dui. Maecenas augue risus, mattis fringilla facilisis nec, maximus sed ligula. Curabitur sit amet felis ac tellus blandit sagittis vel eget arcu. Morbi libero nulla, mattis sed tincidunt eu, laoreet a mauris. Sed ut leo ultricies, eleifend est ut, pellentesque eros.",215,"Pellentesque sollicitudin urna sapien, sed viverra libero aliquet a",condimentum,2013-04-27T23:53:04.100+06:00,2013-04-27T23:53:04.100+06:00,2013-04-27T23:53:04.100+06:00,2013-04-27T23:53:04.100+06:00,2013-04-27T23:53:04.100+06:00,8314,0.26118710779706616
Nutrition Whatchamacallit,"Nam consequat massa in dapibus facilisis. Nunc erat justo, bibendum id iaculis nec, rhoncus nec urna. Donec pellentesque magna sed elementum hendrerit. Mauris semper ante nec egestas porttitor. Sed faucibus, lacus a bibendum vestibulum, erat metus interdum odio, ac condimentum nibh felis at erat. Nullam eget placerat ligula, quis tempus orci. Duis id enim sed lectus pellentesque lobortis in sit amet magna. Curabitur at arcu quis est feugiat mollis. Duis suscipit, odio convallis luctus pulvinar, urna turpis vehicula urna, et pulvinar dolor justo id lacus. Duis lorem nunc, varius nec tristique non, tristique porttitor ligula. Sed sit amet leo posuere, tincidunt augue et, eleifend justo. Quisque in dapibus felis, sit amet cursus nulla. Duis sed sem posuere, malesuada nibh eget, scelerisque sem. Sed bibendum egestas lacinia.",121,Ut volutpat gravida est suscipit tincidunt,vitae,2013-06-15T06:31:47.319+06:00,2013-06-15T06:31:47.319+06:00,2013-06-15T06:31:47.319+06:00,2013-06-15T06:31:47.319+06:00,2013-06-15T06:31:47.319+06:00,16670,0.5707823539304955
Cleaning Component,"Cras suscipit erat sapien, id elementum erat porta eget. Donec sagittis auctor nisi, id bibendum neque ultrices eget. Suspendisse potenti. Orci varius natoque penatibus et magnis dis parturient montes, nascetur ridiculus mus. Curabitur vitae nibh enim. Ut mollis ligula quis nisi venenatis, eget venenatis tellus ultricies. Fusce nec diam aliquet, faucibus erat in, accumsan arcu. Phasellus nec nulla eget leo pharetra aliquet ut id eros. Proin interdum, nibh tincidunt varius facilisis, libero ante maximus urna, nec pulvinar tortor elit in diam. Lorem ipsum dolor sit amet, consectetur adipiscing elit. Nullam quis sem placerat, dictum massa sit amet, rhoncus dolor. Etiam massa massa, blandit non vehicula sit amet, tincidunt sed lectus. Fusce pellentesque id eros eu pellentesque. Morbi eget rhoncus sem.",30,"Fusce elementum ultrices risus, quis porttitor dolor porttitor nec",arcu,2022-08-01T19:02:55.310+05:00,2022-08-01T19:02:55.310+05:00,2022-08-01T19:02:55.310+05:00,2022-08-01T19:02:55.310+05:00,2022-08-01T19:02:55.310+05:00,59412,0.48023273750470025
Biking Tool,"Mauris justo ligula, gravida eget posuere eget, ultrices ut augue. Vestibulum sed est a sapien porttitor venenatis. Curabitur non nisl at tortor elementum condimentum. Fusce finibus nibh vel condimentum fermentum. Cras dignissim molestie sodales. Etiam a finibus risus. In dictum, libero sit amet mollis aliquam, nulla nunc mollis felis, eu pharetra justo tellus id ligula. Etiam sollicitudin enim eu nisl ullamcorper sagittis. Nam ac ultrices mi. In bibendum quam sed ante vehicula feugiat. Quisque scelerisque venenatis velit, eu porttitor felis mattis non. Donec molestie sodales efficitur.",44,"Donec suscipit semper lorem, dapibus auctor lectus dapibus vel",Etiam,2021-04-21T18:50:59.070+05:00,2021-04-21T18:50:59.070+05:00,2021-04-21T18:50:59.070+05:00,2021-04-21T18:50:59.070+05:00,2021-04-21T18:50:59.070+05:00,17417,0.7785722376622324
Makeup Widget,"Nam nisl ligula, euismod a turpis sed, ornare commodo odio. Vivamus nec nisl eget libero finibus posuere. Etiam ac libero lacinia, maximus arcu id, maximus diam. Aliquam venenatis nunc justo, at dignissim arcu bibendum non. Sed in enim at felis tempus dictum sed vel mi. Duis at arcu non leo facilisis ullamcorper in sit amet orci. Mauris et libero tincidunt, congue magna ut, gravida dui. Maecenas augue risus, mattis fringilla facilisis nec, maximus sed ligula. Curabitur sit amet felis ac tellus blandit sagittis vel eget arcu. Morbi libero nulla, mattis sed tincidunt eu, laoreet a mauris. Sed ut leo ultricies, eleifend est ut, pellentesque eros.",106,"Donec lacus sapien, mollis nec consequat at, sodales sit amet orci",enim,2023-06-12T22:30:11.881+05:00,2023-06-12T22:30:11.881+05:00,2023-06-12T22:30:11.881+05:00,2023-06-12T22:30:11.881+05:00,2023-06-12T22:30:11.881+05:00,27855,0.7723923708114605
Kitchen Supplies,"Nulla facilisi. Aliquam imperdiet bibendum nisi vitae condimentum. Suspendisse eleifend nibh in enim ornare, id tempus orci dapibus. Proin sed scelerisque neque. Vestibulum blandit mi quis leo euismod faucibus. Vestibulum eget libero eget nibh sodales vehicula vitae ut est. Integer vel commodo massa, eget imperdiet sapien. Mauris auctor elementum nibh, ac vehicula leo pellentesque quis. Cras pulvinar ipsum vulputate, hendrerit quam ut, ullamcorper lectus.",212,"Praesent nec commodo mauris, ut cursus odio",diam,2014-08-22T18:52:13.165+06:00,2014-08-22T18:52:13.165+06:00,2014-08-22T18:52:13.165+06:00,2014-08-22T18:52:13.165+06:00,2014-08-22T18:52:13.165+06:00,56873,0.8147982261237032
Womens Attachment,"Nam consequat massa in dapibus facilisis. Nunc erat justo, bibendum id iaculis nec, rhoncus nec urna. Donec pellentesque magna sed elementum hendrerit. Mauris semper ante nec egestas porttitor. Sed faucibus, lacus a bibendum vestibulum, erat metus interdum odio, ac condimentum nibh felis at erat. Nullam eget placerat ligula, quis tempus orci. Duis id enim sed lectus pellentesque lobortis in sit amet magna. Curabitur at arcu quis est feugiat mollis. Duis suscipit, odio convallis luctus pulvinar, urna turpis vehicula urna, et pulvinar dolor justo id lacus. Duis lorem nunc, varius nec tristique non, tristique porttitor ligula. Sed sit amet leo posuere, tincidunt augue et, eleifend justo. Quisque in dapibus felis, sit amet cursus nulla. Duis sed sem posuere, malesuada nibh eget, scelerisque sem. Sed bibendum egestas lacinia.",97,Vivamus eu leo vitae massa accumsan fermentum eu a mauris,magna,2019-07-06T16:29:01.530+05:00,2019-07-06T16:29:01.530+05:00,2019-07-06T16:29:01.530+05:00,2019-07-06T16:29:01.530+05:00,2019-07-06T16:29:01.530+05:00,53692,0.23661122960182124
Biking Item,"Donec auctor id lorem et condimentum. Pellentesque convallis turpis in felis gravida sollicitudin. Suspendisse quam erat, euismod eget velit sed, elementum venenatis lacus. Nunc ac ligula urna. Fusce interdum vehicula libero ac blandit. Morbi libero sem, fringilla ac nunc non, cursus pulvinar erat. Pellentesque rutrum lectus eu massa tempor hendrerit. Nulla non odio eget orci rhoncus tempor id at enim.",134,Etiam interdum odio nec suscipit finibus,eleifend,2017-09-21T18:48:03.866+05:00,2017-09-21T18:48:03.866+05:00,2017-09-21T18:48:03.866+05:00,2017-09-21T18:48:03.866+05:00,2017-09-21T18:48:03.866+05:00,63343,0.18291892190500691
Engine Widget,"Nunc vitae luctus nibh. Nam accumsan, risus sit amet finibus tristique, nibh libero efficitur dolor, vel lobortis tortor ligula sed nunc. Sed mattis eu orci et fringilla. Lorem ipsum dolor sit amet, consectetur adipiscing elit. Nam suscipit felis nunc, in pharetra nibh consectetur in. Quisque mattis tortor quis mattis tempus. Proin vestibulum porttitor luctus. Cras ligula nulla, dignissim at ultrices quis, dapibus at ante. Donec porta ex libero, id fringilla ipsum ornare in. Curabitur ex nibh, ullamcorper ut sollicitudin eget, lacinia eget dolor.",209,"Praesent vulputate dapibus risus, quis suscipit arcu pellentesque eget",neque,2018-07-17T12:32:53.597+05:00,2018-07-17T12:32:53.597+05:00,2018-07-17T12:32:53.597+05:00,2018-07-17T12:32:53.597+05:00,2018-07-17T12:32:53.597+05:00,32066,0.3791244206925598
Party Whatchamacallit,"Cras suscipit erat sapien, id elementum erat porta eget. Donec sagittis auctor nisi, id bibendum neque ultrices eget. Suspendisse potenti. Orci varius natoque penatibus et magnis dis parturient montes, nascetur ridiculus mus. Curabitur vitae nibh enim. Ut mollis ligula quis nisi venenatis, eget venenatis tellus ultricies. Fusce nec diam aliquet, faucibus erat in, accumsan arcu. Phasellus nec nulla eget leo pharetra aliquet ut id eros. Proin interdum, nibh tincidunt varius facilisis, libero ante maximus urna, nec pulvinar tortor elit in diam. Lorem ipsum dolor sit amet, consectetur adipiscing elit. Nullam quis sem placerat, dictum massa sit amet, rhoncus dolor. Etiam massa massa, blandit non vehicula sit amet, tincidunt sed lectus. Fusce pellentesque id eros eu pellentesque. Morbi eget rhoncus sem.",187,Praesent sed ligula dolor,diam,2010-03-26T08:53:05.895+05:00,2010-03-26T08:53:05.895+05:00,2010-03-26T08:53:05.895+05:00,2010-03-26T08:53:05.895+05:00,2010-03-26T08:53:05.895+05:00,52019,0.40084967764736046
Dog Supplies,"Etiam neque libero, semper sed ex eu, rutrum dignissim diam. Maecenas nisi libero, dignissim nec faucibus nec, elementum vitae neque. Phasellus a augue lacus. Maecenas ac porttitor justo. Quisque lacus urna, tristique quis ex vel, ullamcorper suscipit nibh. Donec ut purus lacus. Interdum et malesuada fames ac ante ipsum primis in faucibus. Etiam vitae ex vel tortor viverra dictum a nec arcu.",249,Praesent sit amet ex eget massa malesuada laoreet ac non sapien,velit,2011-10-06T19:02:12.756+06:00,2011-10-06T19:02:12.756+06:00,2011-10-06T19:02:12.756+06:00,2011-10-06T19:02:12.756+06:00,2011-10-06T19:02:12.756+06:00,541,0.20217844133214974
Baby Item,"Pellentesque fermentum facilisis hendrerit. Vivamus venenatis dapibus sem, sit amet placerat tortor blandit eget. Nullam id augue vitae nulla interdum pharetra ut et turpis. Etiam nisl mauris, feugiat malesuada mi sed, vestibulum commodo lectus. Donec convallis ac tortor vitae tincidunt. Praesent ut ligula elit. Morbi eget mi ex. Curabitur quis dignissim eros. Suspendisse id massa at velit maximus ultrices. Suspendisse euismod rhoncus sapien, sit amet pretium arcu mollis a. Cras commodo lacus erat, gravida congue ipsum condimentum nec. In lacinia nunc sagittis mauris ullamcorper interdum. Pellentesque ac risus consequat orci congue malesuada in nec mi. Donec eleifend id nunc quis semper. Sed consequat metus non accumsan rutrum.",85,Aenean sagittis nisl eu dapibus semper,Ut,2015-02-09T08:10:26.639+05:00,2015-02-09T08:10:26.639+05:00,2015-02-09T08:10:26.639+05:00,2015-02-09T08:10:26.639+05:00,2015-02-09T08:10:26.639+05:00,16966,0.6491783050070561
First Aid Apparatus,"Sed non fermentum erat, et venenatis ipsum. Aliquam eleifend imperdiet volutpat. Aliquam egestas ipsum mauris, et commodo dui consectetur quis. Vestibulum rhoncus nulla quis feugiat interdum. In imperdiet purus metus, id condimentum lectus ultricies vel. Curabitur ut interdum nisi. In sed nunc suscipit, luctus mauris eu, congue sapien. Suspendisse ornare quis odio eget suscipit. In accumsan urna nunc, non mattis enim blandit ut. In ut libero orci. Ut semper velit ut elit ullamcorper, ac vulputate libero rutrum. Praesent justo leo, eleifend a molestie vestibulum, bibendum sit amet leo. Sed interdum et tortor ut laoreet. Nulla in tellus augue. Aenean sit amet felis id purus commodo auctor id non odio. Donec interdum, lorem consectetur condimentum mollis, mauris sem pretium turpis, sed faucibus magna tortor a erat.",84,Curabitur placerat condimentum tortor,sed,2018-05-14T16:10:41.332+05:00,2018-05-14T16:10:41.332+05:00,2018-05-14T16:10:41.332+05:00,2018-05-14T16:10:41.332+05:00,2018-05-14T16:10:41.332+05:00,12893,0.45889976065307164
Mens Attachment,"Ut elementum metus eget lectus accumsan, eget pellentesque enim mollis. Morbi eu nisl rhoncus, congue libero non, porttitor lacus. Suspendisse potenti. Nullam justo nisi, sagittis nec mattis nec, tincidunt sit amet urna. Cras nec nisl ut tellus mollis tristique eu sit amet risus. Vestibulum ante ipsum primis in faucibus orci luctus et ultrices posuere cubilia curae; Nam a lectus nibh.",100,"Morbi odio eros, euismod eget sapien non, placerat vehicula ex",eu,2021-12-29T10:58:56.262+05:00,2021-12-29T10:58:56.262+05:00,2021-12-29T10:58:56.262+05:00,2021-12-29T10:58:56.262+05:00,2021-12-29T10:58:56.262+05:00,62242,0.9116397779224209
Medicine Component,"Sed nec dictum sem. Pellentesque dictum ante ac quam lobortis placerat. Suspendisse consectetur, sapien consectetur ornare venenatis, ante quam mollis lorem, a vehicula est enim sed quam. Etiam volutpat lacus diam, in elementum erat pharetra eget. Pellentesque lacus nisi, dapibus non volutpat non, lacinia nec nulla. Fusce eget purus suscipit, sagittis lacus sed, posuere mauris. Vivamus porttitor elementum iaculis. Nam id iaculis erat. Maecenas sit amet leo a magna aliquam suscipit id ut dolor. Cras vulputate nisl a scelerisque bibendum. In condimentum viverra congue. Fusce vitae ex vitae dolor venenatis aliquet. Vivamus id blandit lectus, eget vehicula nulla. Quisque laoreet ullamcorper consequat. Donec vitae risus vel lacus eleifend scelerisque.",142,"Donec dictum, tellus vitae fermentum egestas, erat leo tristique orci, ut aliquet lectus massa sed mauris",malesuada,2016-06-30T21:54:12.060+05:00,2016-06-30T21:54:12.060+05:00,2016-06-30T21:54:12.060+05:00,2016-06-30T21:54:12.060+05:00,2016-06-30T21:54:12.060+05:00,17989,0.7052448018849589
Kids Item,"Vestibulum lacinia massa nec viverra vulputate. Cras a ante sem. Morbi interdum lobortis lacus id ullamcorper. Integer pellentesque fringilla libero quis cursus. Curabitur vitae dictum nibh, non accumsan turpis. Quisque aliquam nec nibh a aliquam. Curabitur nunc arcu, rutrum eget mattis id, semper in mi. In arcu augue, commodo sit amet finibus eget, dignissim in quam. Nulla sollicitudin enim in nibh venenatis, in cursus dui hendrerit. Morbi at mollis nulla.",55,Donec pharetra sem congue elementum venenatis,condimentum,2011-06-30T01:14:04.174+06:00,2011-06-30T01:14:04.174+06:00,2011-06-30T01:14:04.174+06:00,2011-06-30T01:14:04.174+06:00,2011-06-30T01:14:04.174+06:00,8015,0.44898284133328087
Storage Implement,"Nam lorem arcu, pretium quis lectus et, volutpat euismod enim. Suspendisse semper tortor sapien, eu cursus nisi fermentum non. Cras quam orci, tincidunt quis purus vel, molestie posuere urna. Etiam lobortis neque eget ex tempus, eu interdum mi semper. Cras felis enim, rutrum a imperdiet et, vehicula at metus. Praesent bibendum, augue eu aliquam gravida, lectus sapien fringilla ipsum, non tincidunt leo felis eu augue. Aliquam faucibus tortor enim, in convallis elit euismod quis.",55,"Quisque scelerisque venenatis velit, eu porttitor felis mattis non",ex,2020-08-23T00:20:53.985+05:00,2020-08-23T00:20:53.985+05:00,2020-08-23T00:20:53.985+05:00,2020-08-23T00:20:53.985+05:00,2020-08-23T00:20:53.985+05:00,13285,0.09291870975829336
Aquarium Doodad,"In eu interdum sapien. In scelerisque hendrerit sem ac mollis. Sed rutrum lobortis erat finibus aliquam. Sed in lacus ante. Nam eget aliquet magna. Etiam nec malesuada tellus. Suspendisse posuere, risus nec suscipit laoreet, tellus dui imperdiet ligula, efficitur elementum leo orci vitae nisl. Vestibulum eleifend egestas enim ut condimentum. Proin vitae rutrum nibh. Fusce rutrum erat mattis sem molestie, eget lobortis neque dapibus. Nulla in diam ut magna semper varius.",237,Praesent accumsan venenatis leo eget tempor,sit,2013-09-03T08:12:19.991+06:00,2013-09-03T08:12:19.991+06:00,2013-09-03T08:12:19.991+06:00,2013-09-03T08:12:19.991+06:00,2013-09-03T08:12:19.991+06:00,19339,0.7025611825180683
Camping Apparatus,"Nunc porta pulvinar accumsan. Donec luctus ligula neque, vel tincidunt purus tempus sed. Donec suscipit semper lorem, dapibus auctor lectus dapibus vel. Fusce suscipit, risus id convallis laoreet, sapien felis suscipit odio, et volutpat lectus ligula at odio. Ut eu nulla vitae ipsum vestibulum eleifend. Aliquam id justo eu nibh bibendum ornare in nec nunc. Pellentesque rutrum, lorem ac tincidunt auctor, neque orci commodo urna, in pellentesque ipsum turpis in dui. Maecenas pellentesque pellentesque mauris, at varius risus posuere ac. Curabitur dapibus metus at commodo pellentesque.",98,Quisque fringilla maximus nulla condimentum eleifend,vehicula,2022-04-24T23:12:46.173+05:00,2022-04-24T23:12:46.173+05:00,2022-04-24T23:12:46.173+05:00,2022-04-24T23:12:46.173+05:00,2022-04-24T23:12:46.173+05:00,41538,0.763342051791753
Party Accessory,"Vivamus eget tempus libero. Nam facilisis, turpis sed finibus venenatis, sem dolor cursus libero, id hendrerit eros enim ut eros. In rhoncus ante at lacus maximus, at gravida velit viverra. Aliquam lobortis cursus erat quis dapibus. Phasellus blandit vestibulum elit, vitae tincidunt dui maximus nec. Cras hendrerit pellentesque nunc id gravida. Phasellus non turpis lacinia, vehicula diam sit amet, mattis enim.",208,"Quisque varius semper orci, sit amet auctor metus venenatis sed",massa,2012-09-17T04:49:51.088+06:00,2012-09-17T04:49:51.088+06:00,2012-09-17T04:49:51.088+06:00,2012-09-17T04:49:51.088+06:00,2012-09-17T04:49:51.088+06:00,10578,0.5282613223815833
Мяч,"Suspendisse dignissim tincidunt odio sed tempus. Fusce at nunc orci. Donec tempor tempus consectetur. Curabitur ullamcorper orci a eros ultrices vestibulum. Integer mollis odio efficitur, finibus magna et, sollicitudin lorem. Mauris interdum vitae quam ac ornare. Sed tellus est, iaculis quis justo vitae, fringilla consectetur nibh. Ut eleifend vehicula tempus. In gravida dolor dolor, id volutpat dui condimentum eu. Quisque iaculis lobortis porta. Donec tincidunt fringilla pretium. Interdum et malesuada fames ac ante ipsum primis in faucibus. Nullam sit amet efficitur nunc. Nulla efficitur lectus fermentum diam auctor vestibulum.",135,Morbi interdum lobortis lacus id ullamcorper,quis,2013-09-26T16:01:12.275+06:00,2013-09-26T16:01:12.275+06:00,2013-09-26T16:01:12.275+06:00,2013-09-26T16:01:12.275+06:00,2013-09-26T16:01:12.275+06:00,6932,0.4287521495790212
Геймбой,"Sed ac commodo ligula. Morbi suscipit mi eget tortor euismod, a congue nibh finibus. Ut dapibus ut odio sit amet vehicula. Nulla congue posuere ligula ac pulvinar. Suspendisse potenti. Nulla libero odio, suscipit ut mattis non, tempor molestie diam. Nam sed ex mollis, luctus nisi at, rhoncus sapien. Integer eu ligula metus. Orci varius natoque penatibus et magnis dis parturient montes, nascetur ridiculus mus.",88,Ut eleifend quis quam id mattis,nec,2011-12-22T22:17:42.020+06:00,2011-12-22T22:17:42.020+06:00,2011-12-22T22:17:42.020+06:00,2011-12-22T22:17:42.020+06:00,2011-12-22T22:17:42.020+06:00,4015,0.8104972564994474
Видеоигра,"Vestibulum ante ipsum primis in faucibus orci luctus et ultrices posuere cubilia curae; Suspendisse luctus luctus metus et eleifend. Donec pharetra sem congue elementum venenatis. Nulla vitae odio urna. Ut sit amet eros orci. Praesent dictum ac dui a efficitur. Ut non hendrerit velit, nec mattis dolor. Ut venenatis elit quam, eget pulvinar augue finibus sed. Proin mi magna, venenatis eu sagittis vel, porttitor vel velit. Pellentesque nisl lacus, aliquam quis turpis ac, congue mollis arcu. Suspendisse eu nunc consequat, tincidunt diam eget, ornare diam. Curabitur iaculis vitae erat in eleifend.",135,Sed vel metus turpis,consequat,2021-06-29T23:27:04.305+05:00,2021-06-29T23:27:04.305+05:00,2021-06-29T23:27:04.305+05:00,2021-06-29T23:27:04.305+05:00,2021-06-29T23:27:04.305+05:00,45554,0.6183491233984209
Ноутбук,"Praesent ut nibh vitae eros vestibulum semper. Vivamus sed ligula sit amet justo placerat vulputate. Quisque faucibus aliquet dolor. Proin mattis turpis sed tempor cursus. Aliquam laoreet leo quam, eu tincidunt dolor consectetur sed. Sed congue vehicula lectus, sed iaculis felis rhoncus sit amet. Integer efficitur viverra sapien, sed venenatis eros sagittis at. In consectetur libero id mauris malesuada lobortis. Proin dignissim orci urna, eget congue ipsum pharetra sed. Integer sagittis congue diam, eget volutpat lacus luctus sit amet. Etiam viverra, lacus ac mollis suscipit, eros enim varius metus, a pulvinar velit nunc congue sapien. Sed id congue augue.",146,Quisque laoreet ullamcorper consequat,odio,2023-03-25T16:26:12.110+05:00,2023-03-25T16:26:12.110+05:00,2023-03-25T16:26:12.110+05:00,2023-03-25T16:26:12.110+05:00,2023-03-25T16:26:12.110+05:00,38865,0.6920852807175852
Весы напольные,"In pulvinar ullamcorper lectus, id venenatis magna tincidunt eu. Etiam maximus blandit lacinia. Quisque malesuada auctor posuere. Donec iaculis ante in arcu hendrerit euismod. Mauris vel tincidunt risus. In bibendum, nisl nec aliquet blandit, neque nulla semper enim, ac mattis ligula ante ac tellus. Fusce maximus, turpis ut facilisis interdum, quam nisl mollis diam, quis commodo dui est a est.",247,"Phasellus purus mauris, bibendum sit amet leo eu, tempor vestibulum neque",egestas,2012-10-07T15:33:55.771+06:00,2012-10-07T15:33:55.771+06:00,2012-10-07T15:33:55.771+06:00,2012-10-07T15:33:55.771+06:00,2012-10-07T15:33:55.771+06:00,26848,0.5730593274354169
Блок питания,"Nullam sollicitudin arcu eu dui facilisis, at tempor turpis scelerisque. Suspendisse faucibus volutpat lacus quis auctor. Praesent scelerisque nisl enim, a sodales elit aliquet ac. Sed viverra, eros quis varius cursus, sapien est aliquet metus, id malesuada orci felis vel risus. Praesent mattis, turpis et blandit sollicitudin, arcu nisl efficitur est, at imperdiet ante magna sit amet metus. Pellentesque faucibus quam fermentum, viverra est a, pellentesque tellus. Morbi sed mauris tellus. Suspendisse potenti. Nullam sit amet augue vitae orci tempus rhoncus.",27,Mauris maximus a dolor vel pretium,amet,2021-03-18T19:20:00.357+05:00,2021-03-18T19:20:00.357+05:00,2021-03-18T19:20:00.357+05:00,2021-03-18T19:20:00.357+05:00,2021-03-18T19:20:00.357+05:00,28590,0.8989559691941814
Шнур питания,"Vestibulum lacinia massa nec viverra vulputate. Cras a ante sem. Morbi interdum lobortis lacus id ullamcorper. Integer pellentesque fringilla libero quis cursus. Curabitur vitae dictum nibh, non accumsan turpis. Quisque aliquam nec nibh a aliquam. Curabitur nunc arcu, rutrum eget mattis id, semper in mi. In arcu augue, commodo sit amet finibus eget, dignissim in quam. Nulla sollicitudin enim in nibh venenatis, in cursus dui hendrerit. Morbi at mollis nulla.",130,"Phasellus ut ante eleifend, ultrices massa non, varius diam",nulla,2016-03-06T02:33:37.832+05:00,2016-03-06T02:33:37.832+05:00,2016-03-06T02:33:37.832+05:00,2016-03-06T02:33:37.832+05:00,2016-03-06T02:33:37.832+05:00,18010,0.339254025850007
Палатка,"Phasellus mattis justo non metus vulputate vehicula. Aliquam imperdiet auctor nisl, vel malesuada magna malesuada quis. Nam rutrum enim sit amet varius interdum. Duis facilisis justo eget mauris hendrerit bibendum in eu nulla. Donec accumsan sapien vel nulla tristique, id convallis risus commodo. Phasellus feugiat diam enim, nec molestie urna porta vitae. Praesent cursus justo ac sapien maximus ullamcorper. Etiam tristique ex sit amet justo tristique scelerisque. Sed vulputate nunc eget finibus convallis. Ut sed lacinia libero. Etiam ac ultrices augue. Nam volutpat odio nec lacus vehicula, eget aliquam lorem ullamcorper. Sed tincidunt ultricies nisi, at faucibus enim aliquet ut. In purus augue, vehicula at suscipit non, hendrerit sit amet lectus. Vestibulum rhoncus, enim a bibendum interdum, nunc elit fringilla diam, vitae lobortis erat nisi dignissim diam.",198,Cras placerat felis at diam feugiat placerat,volutpat,2016-11-26T17:03:17.439+05:00,2016-11-26T17:03:17.439+05:00,2016-11-26T17:03:17.439+05:00,2016-11-26T17:03:17.439+05:00,2016-11-26T17:03:17.439+05:00,5792,0.5909461624861628
Лампа,"Nulla orci mi, dapibus vel tempor vulputate, luctus at quam. Curabitur tempus sed mi eget pretium. Sed vitae eleifend nibh. Integer luctus orci vel metus elementum, sit amet rutrum nisi cursus. Cras sagittis eu magna et bibendum. Aliquam erat volutpat. Pellentesque sollicitudin ornare egestas. Fusce libero quam, elementum non auctor ultricies, vulputate non sem. Integer tristique est a lorem consectetur tempor.",201,Mauris varius rutrum felis eget suscipit,malesuada,2017-11-05T13:48:15.579+05:00,2017-11-05T13:48:15.579+05:00,2017-11-05T13:48:15.579+05:00,2017-11-05T13:48:15.579+05:00,2017-11-05T13:48:15.579+05:00,7697,0.7416286629572718
Духовка,"Suspendisse condimentum velit non purus varius, auctor maximus est aliquam. Aliquam volutpat arcu id justo fringilla posuere. Maecenas massa metus, blandit at varius vel, fermentum vitae odio. Ut non metus maximus, suscipit metus et, mattis dui. Duis vestibulum velit eget tempus pretium. Duis elit diam, finibus et lectus nec, auctor malesuada neque. Fusce congue faucibus consequat.",125,"Sed ultrices urna turpis, et tempus dolor dignissim et",felis,2020-01-17T19:45:58.822+05:00,2020-01-17T19:45:58.822+05:00,2020-01-17T19:45:58.822+05:00,2020-01-17T19:45:58.822+05:00,2020-01-17T19:45:58.822+05:00,6506,0.07102807492133006
Холодильник,"Suspendisse facilisis, magna quis laoreet interdum, ligula elit porta augue, nec malesuada eros sapien eu nisl. In sed lacus ac mi placerat congue. Suspendisse massa orci, iaculis id facilisis tempus, gravida in est. Vestibulum eu lacus eget massa dignissim efficitur vitae malesuada leo. Quisque ultricies massa turpis, quis venenatis justo vehicula vel. Donec eu cursus turpis. Aliquam vel vulputate eros, eget faucibus elit. Phasellus vel egestas orci, vel cursus neque. Suspendisse feugiat sapien orci. Curabitur rhoncus ultricies laoreet. In vitae euismod tortor, sed rutrum lorem. Vivamus at augue scelerisque, bibendum est vel, aliquam ligula. Aliquam sagittis ornare neque, sed fermentum nisi cursus ut. Donec purus arcu, convallis eget eros dapibus, euismod malesuada diam. Vivamus congue, metus in fringilla facilisis, ante orci posuere turpis, nec malesuada massa nisi dignissim mi. Donec sed augue lectus.",44,Sed placerat semper finibus,at,2015-01-19T04:49:27.394+05:00,2015-01-19T04:49:27.394+05:00,2015-01-19T04:49:27.394+05:00,2015-01-19T04:49:27.394+05:00,2015-01-19T04:49:27.394+05:00,11826,0.11061004854647623
Наушники,"Nunc congue metus in nisi consequat, at elementum tellus laoreet. Ut sodales, mi non ullamcorper facilisis, tortor justo finibus ligula, a cursus arcu sapien vel purus. Vivamus tincidunt quam dapibus mi condimentum, vitae pharetra neque scelerisque. Mauris maximus a dolor vel pretium. Nulla nec gravida sapien. Nulla sodales mi eu neque porta facilisis. Nulla varius placerat auctor. Praesent quis nisl congue dui pretium tempor. Phasellus luctus nibh vestibulum, dignissim ligula vel, tristique libero. Aliquam porta egestas sapien, nec scelerisque felis semper vitae. Duis mauris leo, elementum at felis non, cursus maximus leo. Duis felis nulla, bibendum sit amet elementum vitae, vestibulum in justo. Mauris ipsum dui, tempor sit amet ligula vel, sollicitudin malesuada est. Morbi tristique mauris at arcu interdum ornare. Etiam non mi a sem pharetra varius.",103,Etiam sollicitudin enim eu nisl ullamcorper sagittis,at,2020-06-22T21:09:54.707+05:00,2020-06-22T21:09:54.707+05:00,2020-06-22T21:09:54.707+05:00,2020-06-22T21:09:54.707+05:00,2020-06-22T21:09:54.707+05:00,46550,0.6590254509810739
Колонка,"Phasellus eget fringilla justo. Integer sem mauris, viverra non ligula sagittis, consectetur pharetra tortor. Donec et varius leo. Lorem ipsum dolor sit amet, consectetur adipiscing elit. Etiam pharetra mollis ante, eget vestibulum turpis vestibulum vel. Donec dictum, tellus vitae fermentum egestas, erat leo tristique orci, ut aliquet lectus massa sed mauris. Integer viverra hendrerit nisl a vulputate. Pellentesque finibus auctor nisl, nec aliquet magna cursus ut.",26,"Suspendisse blandit mauris finibus sapien pulvinar, nec bibendum ligula tempus",Integer,2021-03-07T02:49:37.947+05:00,2021-03-07T02:49:37.947+05:00,2021-03-07T02:49:37.947+05:00,2021-03-07T02:49:37.947+05:00,2021-03-07T02:49:37.947+05:00,16049,0.45596063748235205
Смарт-часы,"Suspendisse dignissim tincidunt odio sed tempus. Fusce at nunc orci. Donec tempor tempus consectetur. Curabitur ullamcorper orci a eros ultrices vestibulum. Integer mollis odio efficitur, finibus magna et, sollicitudin lorem. Mauris interdum vitae quam ac ornare. Sed tellus est, iaculis quis justo vitae, fringilla consectetur nibh. Ut eleifend vehicula tempus. In gravida dolor dolor, id volutpat dui condimentum eu. Quisque iaculis lobortis porta. Donec tincidunt fringilla pretium. Interdum et malesuada fames ac ante ipsum primis in faucibus. Nullam sit amet efficitur nunc. Nulla efficitur lectus fermentum diam auctor vestibulum.",173,Quisque sagittis lectus lacinia orci aliquet sollicitudin,magna,2011-08-14T21:18:55.519+06:00,2011-08-14T21:18:55.519+06:00,2011-08-14T21:18:55.519+06:00,2011-08-14T21:18:55.519+06:00,2011-08-14T21:18:55.519+06:00,19581,0.8553847772878269
Материинская плата,"Pellentesque dictum ante vitae tempor sodales. Phasellus sed egestas felis, id sagittis ipsum. Sed pharetra non urna quis luctus. Aenean iaculis iaculis augue, eget rutrum justo aliquet dapibus. Proin convallis vel tellus a bibendum. Duis sagittis ultrices orci vitae feugiat. Donec vehicula cursus diam at varius. Sed non varius nunc, at gravida est. Cras sodales varius metus ut dignissim. In hac habitasse platea dictumst. Aliquam diam quam, consequat et vestibulum vel, elementum nec elit. Nulla et viverra felis. In eget dolor non metus fermentum scelerisque.",20,Sed venenatis maximus bibendum,quis,2015-03-01T19:49:44.367+05:00,2015-03-01T19:49:44.367+05:00,2015-03-01T19:49:44.367+05:00,2015-03-01T19:49:44.367+05:00,2015-03-01T19:49:44.367+05:00,12545,0.055344858790964804
Стилбук,"Sed sagittis, metus eu fermentum ultrices, nibh risus malesuada felis, eu interdum ipsum felis nec nulla. Nam a imperdiet augue. Nam vestibulum lacus neque, quis maximus ipsum maximus at. Aliquam id tortor eu nulla bibendum pellentesque. Morbi eleifend libero vel augue gravida, nec maximus libero tincidunt. Morbi dui metus, dignissim pretium ultrices non, tincidunt sed enim. Nunc tristique elit fringilla arcu condimentum euismod. Nunc eget lacus nulla.",233,Pellentesque vehicula efficitur libero,rutrum,2012-01-02T05:30:27.043+06:00,2012-01-02T05:30:27.043+06:00,2012-01-02T05:30:27.043+06:00,2012-01-02T05:30:27.043+06:00,2012-01-02T05:30:27.043+06:00,14604,0.5446358255646518
Геймпад,"Vestibulum ante ipsum primis in faucibus orci luctus et ultrices posuere cubilia curae; Suspendisse luctus luctus metus et eleifend. Donec pharetra sem congue elementum venenatis. Nulla vitae odio urna. Ut sit amet eros orci. Praesent dictum ac dui a efficitur. Ut non hendrerit velit, nec mattis dolor. Ut venenatis elit quam, eget pulvinar augue finibus sed. Proin mi magna, venenatis eu sagittis vel, porttitor vel velit. Pellentesque nisl lacus, aliquam quis turpis ac, congue mollis arcu. Suspendisse eu nunc consequat, tincidunt diam eget, ornare diam. Curabitur iaculis vitae erat in eleifend.",176,"Vivamus sapien lacus, mollis vel urna non, finibus finibus ligula.",eu,2023-08-17T18:21:55.185+05:00,2023-08-17T18:21:55.185+05:00,2023-08-17T18:21:55.185+05:00,2023-08-17T18:21:55.185+05:00,2023-08-17T18:21:55.185+05:00,60359,0.9453322238539329
Музыкальный центр,"Cras metus ipsum, viverra vel ligula in, finibus eleifend odio. Morbi odio eros, euismod eget sapien non, placerat vehicula ex. Ut non nisi felis. In scelerisque tincidunt erat vel finibus. Vestibulum ut aliquam orci. Duis blandit vel lacus eget aliquet. Donec lacinia, elit sed tincidunt dictum, mi nisl cursus arcu, et fermentum diam sem eget purus. Nunc nec felis leo. Vivamus dictum lorem id lacus convallis lacinia quis nec quam. Maecenas faucibus sed nisi eu molestie. Fusce elementum ultrices risus, quis porttitor dolor porttitor nec. Duis convallis ante ipsum, id suscipit sem ultricies quis. Sed vel rhoncus tellus. Ut sed tincidunt nibh, non cursus nunc.",83,"Cras diam sapien, dapibus non mi nec, pretium lobortis diam",in,2017-07-12T23:53:05.513+05:00,2017-07-12T23:53:05.513+05:00,2017-07-12T23:53:05.513+05:00,2017-07-12T23:53:05.513+05:00,2017-07-12T23:53:05.513+05:00,47374,0.09817610568205025
Тренажёр,"Praesent aliquam tellus lobortis arcu rutrum, ac tincidunt arcu egestas. Suspendisse a auctor tortor, in lacinia massa. Suspendisse eleifend vulputate urna vitae ultricies. Praesent gravida convallis ipsum a euismod. Phasellus vitae diam diam. Maecenas ac enim varius, sagittis arcu porta, venenatis felis. Sed luctus metus velit, ut molestie ipsum auctor quis. Etiam malesuada et enim nec gravida. Nunc pharetra lectus odio, non tempus velit dictum et. Suspendisse dignissim mi nec dolor rutrum semper.",131,Phasellus sed est eros,diam,2015-08-02T10:00:44.976+05:00,2015-08-02T10:00:44.976+05:00,2015-08-02T10:00:44.976+05:00,2015-08-02T10:00:44.976+05:00,2015-08-02T10:00:44.976+05:00,19221,0.06378509760973519
VR-шлем,"Suspendisse eros enim, iaculis sodales auctor et, tincidunt quis enim. Integer leo nisi, fringilla sed porta non, convallis non mi. Aenean erat tortor, vehicula vitae mattis non, elementum vel urna. Fusce efficitur felis sed dui mollis, euismod vehicula purus eleifend. Ut tempor risus eget nisi suscipit porta. Maecenas molestie imperdiet purus, eget imperdiet velit convallis sed. Aliquam venenatis hendrerit malesuada. Mauris id felis turpis. Nunc pretium nisi aliquam rutrum elementum. Sed malesuada massa quis ipsum commodo fermentum. Sed id nulla velit.",122,Nullam id augue vitae nulla interdum pharetra ut et turpis,posuere,2011-10-05T07:17:50.183+06:00,2011-10-05T07:17:50.183+06:00,2011-10-05T07:17:50.183+06:00,2011-10-05T07:17:50.183+06:00,2011-10-05T07:17:50.183+06:00,18687,0.5929247187419131
Бритва,"Etiam neque libero, semper sed ex eu, rutrum dignissim diam. Maecenas nisi libero, dignissim nec faucibus nec, elementum vitae neque. Phasellus a augue lacus. Maecenas ac porttitor justo. Quisque lacus urna, tristique quis ex vel, ullamcorper suscipit nibh. Donec ut purus lacus. Interdum et malesuada fames ac ante ipsum primis in faucibus. Etiam vitae ex vel tortor viverra dictum a nec arcu.",64,Aenean vehicula sem ut tortor iaculis dignissim,et,2014-04-18T23:16:40.917+06:00,2014-04-18T23:16:40.917+06:00,2014-04-18T23:16:40.917+06:00,2014-04-18T23:16:40.917+06:00,2014-04-18T23:16:40.917+06:00,23034,0.8760218924535251
Электроплита,"Sed volutpat porttitor arcu, ac condimentum ligula. Aenean quis imperdiet mauris. Morbi sagittis sodales justo, ac auctor felis sagittis pulvinar. Cras sed arcu tempus, facilisis nisl vitae, convallis sem. Mauris odio dolor, maximus vel auctor et, molestie sed magna. Pellentesque vel ultrices felis. Cras et pulvinar lorem. Nunc dignissim maximus varius. Sed et diam volutpat nisi aliquet tempor. Phasellus non ligula congue, bibendum nisl et, viverra nulla. Maecenas ut lorem quis mi tempor finibus at sit amet dolor. Proin auctor urna sed erat lacinia, et aliquam lacus hendrerit. Cras diam sapien, dapibus non mi nec, pretium lobortis diam. Duis interdum lacinia felis, ultrices venenatis ex pharetra sit amet. Vestibulum sollicitudin dignissim mauris, vitae aliquet nisi vestibulum vitae.",89,Quisque faucibus aliquet dolor,dignissim,2019-04-11T00:06:59.832+05:00,2019-04-11T00:06:59.832+05:00,2019-04-11T00:06:59.832+05:00,2019-04-11T00:06:59.832+05:00,2019-04-11T00:06:59.832+05:00,63447,0.18517246874337803
Игровой блок,"In hac habitasse platea dictumst. Pellentesque eleifend ante quis magna gravida rhoncus. Nullam ut lorem eu ipsum elementum convallis id sit amet mauris. Praesent ac nulla et nibh fringilla ultricies. Pellentesque mauris ante, congue ut arcu sit amet, varius eleifend erat. Class aptent taciti sociosqu ad litora torquent per conubia nostra, per inceptos himenaeos. Maecenas ac enim lectus. Quisque arcu risus, laoreet dictum massa nec, aliquam hendrerit dui. Proin molestie augue sit amet fermentum mattis. Ut rhoncus malesuada eleifend. Integer viverra lobortis malesuada. Fusce at arcu non orci hendrerit tincidunt. In mattis pulvinar ex in lobortis.",95,"Nullam viverra elit lectus, ac pellentesque lorem porttitor vulputate",quis,2010-05-20T01:31:26.131+06:00,2010-05-20T01:31:26.131+06:00,2010-05-20T01:31:26.131+06:00,2010-05-20T01:31:26.131+06:00,2010-05-20T01:31:26.131+06:00,21730,0.35282953004028333
Телефон,"Nunc porta pulvinar accumsan. Donec luctus ligula neque, vel tincidunt purus tempus sed. Donec suscipit semper lorem, dapibus auctor lectus dapibus vel. Fusce suscipit, risus id convallis laoreet, sapien felis suscipit odio, et volutpat lectus ligula at odio. Ut eu nulla vitae ipsum vestibulum eleifend. Aliquam id justo eu nibh bibendum ornare in nec nunc. Pellentesque rutrum, lorem ac tincidunt auctor, neque orci commodo urna, in pellentesque ipsum turpis in dui. Maecenas pellentesque pellentesque mauris, at varius risus posuere ac. Curabitur dapibus metus at commodo pellentesque.",245,In sit amet posuere diam.,blandit,2011-06-16T12:13:40.518+06:00,2011-06-16T12:13:40.518+06:00,2011-06-16T12:13:40.518+06:00,2011-06-16T12:13:40.518+06:00,2011-06-16T12:13:40.518+06:00,50877,0.4104677475581843
Телевизор,"Maecenas maximus condimentum efficitur. Phasellus vitae ullamcorper lectus, non mattis augue. Phasellus vel efficitur ipsum. Praesent tempus porttitor ante, ut efficitur diam mollis vel. Vestibulum quis accumsan turpis. Integer accumsan, felis quis fringilla dignissim, nisl magna pulvinar lacus, nec aliquam mauris enim ut risus. In ultrices tempus nibh, rutrum dictum quam faucibus quis. Donec ut nunc nec nisl elementum consectetur.",252,Vestibulum ut aliquam orci,nibh,2012-06-23T07:54:14.028+06:00,2012-06-23T07:54:14.028+06:00,2012-06-23T07:54:14.028+06:00,2012-06-23T07:54:14.028+06:00,2012-06-23T07:54:14.028+06:00,47573,0.5691398890364853
Видеокарта,"Pellentesque habitant morbi tristique senectus et netus et malesuada fames ac turpis egestas. Curabitur volutpat nisl ut arcu fermentum, sit amet commodo lectus viverra. Aliquam erat volutpat. Vestibulum dui mauris, sagittis sit amet tristique eget, pellentesque non nibh. Aliquam sollicitudin, ante vel varius finibus, urna velit sagittis enim, id auctor dui ligula in urna. Mauris ornare convallis sem in dictum. Aliquam et ante sed nisl blandit imperdiet vel vel libero. Morbi imperdiet dui vestibulum dolor tincidunt mattis ac ut diam. Nullam aliquet sodales ligula vel fringilla. Suspendisse velit nibh, finibus at elit sit amet, blandit condimentum leo. Vestibulum viverra non elit nec ornare. In id tortor lectus. Donec non lectus quis tellus ultrices cursus. Quisque tincidunt ligula in est lacinia, non malesuada risus semper. Donec varius augue ut tellus porta interdum sit amet in diam. Maecenas posuere, tortor at condimentum volutpat, nisl odio pulvinar sapien, et vehicula nunc urna at tortor.",138,Cras dignissim molestie sodales,Aenean,2021-05-30T03:17:32.648+05:00,2021-05-30T03:17:32.648+05:00,2021-05-30T03:17:32.648+05:00,2021-05-30T03:17:32.648+05:00,2021-05-30T03:17:32.648+05:00,11520,0.34250496348882575
Мини-трактор,"Curabitur ut dolor scelerisque eros hendrerit vestibulum vel eget massa. Sed finibus dolor at mauris rhoncus, et ornare est venenatis. Maecenas erat magna, viverra a posuere at, pellentesque et eros. Mauris ac sapien a est dictum volutpat. Fusce massa ipsum, ultricies ut commodo vitae, semper sit amet dui. Cras nec turpis eu enim vestibulum condimentum eu eget nunc. Pellentesque faucibus tempor mi eget tincidunt. Integer ipsum ante, eleifend id ante aliquam, feugiat efficitur sapien. Integer tellus nisi, auctor ut sapien id, eleifend ultricies nisl. Aliquam malesuada commodo laoreet. Quisque elementum interdum quam at luctus. Sed luctus molestie augue eu luctus.",148,Nulla sodales mi eu neque porta facilisis,aliquet,2018-10-16T11:02:26.308+05:00,2018-10-16T11:02:26.308+05:00,2018-10-16T11:02:26.308+05:00,2018-10-16T11:02:26.308+05:00,2018-10-16T11:02:26.308+05:00,50915,0.07197359742750553
Уход за кожей,"Nulla facilisi. Aliquam imperdiet bibendum nisi vitae condimentum. Suspendisse eleifend nibh in enim ornare, id tempus orci dapibus. Proin sed scelerisque neque. Vestibulum blandit mi quis leo euismod faucibus. Vestibulum eget libero eget nibh sodales vehicula vitae ut est. Integer vel commodo massa, eget imperdiet sapien. Mauris auctor elementum nibh, ac vehicula leo pellentesque quis. Cras pulvinar ipsum vulputate, hendrerit quam ut, ullamcorper lectus.",20,Aenean sagittis sapien sed justo suscipit egestas,nostra,2012-03-23T07:58:09.856+06:00,2012-03-23T07:58:09.856+06:00,2012-03-23T07:58:09.856+06:00,2012-03-23T07:58:09.856+06:00,2012-03-23T07:58:09.856+06:00,6565,0.5415654747078401
Набор для ухода за волосами,"Integer ut tellus leo. Aenean vehicula sem ut tortor iaculis dignissim. Fusce lorem est, molestie ut dictum id, pretium vel odio. Integer imperdiet justo quis tortor pharetra, non tempor urna ornare. Vivamus consectetur sem non egestas consequat. Integer tempus dolor lorem, at auctor turpis maximus tristique. Fusce feugiat vel tortor eget vulputate. Proin vitae venenatis nibh, at tempus nibh. Pellentesque tristique lorem nec lectus tristique ultrices. Suspendisse a leo porta, bibendum justo ut, gravida ex. Suspendisse potenti. Phasellus tempus ipsum consequat dui sagittis gravida. Donec interdum, enim eu porttitor facilisis, nunc nunc viverra dui, vitae viverra ipsum felis ac neque. Aliquam dapibus et lectus id tincidunt. Cras a mauris sed quam feugiat mollis id eu lorem.",3,Aliquam malesuada commodo laoreet,hac,2014-08-11T16:14:21.929+06:00,2014-08-11T16:14:21.929+06:00,2014-08-11T16:14:21.929+06:00,2014-08-11T16:14:21.929+06:00,2014-08-11T16:14:21.929+06:00,55,0.6715684883124833
Технологическая установка,"Nullam sollicitudin arcu eu dui facilisis, at tempor turpis scelerisque. Suspendisse faucibus volutpat lacus quis auctor. Praesent scelerisque nisl enim, a sodales elit aliquet ac. Sed viverra, eros quis varius cursus, sapien est aliquet metus, id malesuada orci felis vel risus. Praesent mattis, turpis et blandit sollicitudin, arcu nisl efficitur est, at imperdiet ante magna sit amet metus. Pellentesque faucibus quam fermentum, viverra est a, pellentesque tellus. Morbi sed mauris tellus. Suspendisse potenti. Nullam sit amet augue vitae orci tempus rhoncus.",229,"Vestibulum quam eros, semper nec sollicitudin et, rhoncus ac nulla",nunc,2019-08-26T15:08:05.337+05:00,2019-08-26T15:08:05.337+05:00,2019-08-26T15:08:05.337+05:00,2019-08-26T15:08:05.337+05:00,2019-08-26T15:08:05.337+05:00,44632,0.582715477914164
Фитнес Doodad,"Phasellus vehicula sem in nisl consectetur, vel tincidunt tortor blandit. Proin gravida mauris vel sem lacinia mattis. Sed in rhoncus lacus. Lorem ipsum dolor sit amet, consectetur adipiscing elit. Donec ex erat, auctor ac facilisis at, bibendum at nisi. Etiam interdum odio nec suscipit finibus. Etiam pretium erat non elit tempor, quis pretium nisi condimentum. Pellentesque sollicitudin urna sapien, sed viverra libero aliquet a. Proin ultrices velit ut arcu cursus, quis consectetur tellus finibus. Aliquam tempus auctor velit ut dictum.",175,Ut eu nulla vitae ipsum vestibulum eleifend,dapibus,2018-12-14T18:29:04.974+05:00,2018-12-14T18:29:04.974+05:00,2018-12-14T18:29:04.974+05:00,2018-12-14T18:29:04.974+05:00,2018-12-14T18:29:04.974+05:00,57762,0.6505215526108807
