title,meta_title,slug,content
Дом, Maecenas sed justo ipsum, Curabitur, Fusce vitae ex vitae dolor venenatis aliquet.
Деятельность, Donec eget lectus nec libero accumsan finibus, dictum, "Fusce efficitur felis sed dui mollis, euismod vehicula purus eleifend."
Красота, Curabitur placerat condimentum tortor, ornare, Mauris venenatis odio sit amet enim imperdiet pulvinar.
Развлечения, "Phasellus vel egestas orci, vel cursus neque", urna, "Pellentesque molestie elementum nisl, at finibus nisi rutrum quis."
Электроника, "Sed non fermentum erat, et venenatis ipsum", magna, Ut venenatis id velit id interdum.
Развлечения, Phasellus sed erat ac lorem facilisis fermentum, fames, "In at pharetra ligula, quis convallis nisl."
Красота, Aliquam id justo eu nibh bibendum ornare in nec nunc, Nulla, Nam in est id purus laoreet tincidunt nec nec justo.
Деятельность, Nam fringilla aliquet tellus ac pretium, sit, Donec pellentesque magna sed elementum hendrerit.
Развлечения, "Sed purus urna, egestas ac dolor vehicula, cursus mattis turpis", In, Donec eu cursus turpis.
Деятельность, Integer posuere nulla egestas dignissim faucibus, pharetra, Aenean scelerisque lectus vel tellus tempor vestibulum.
Красота, "Etiam purus leo, consequat ut congue a, posuere eu quam", odio, "Vestibulum at tristique neque, ut cursus nulla."
Одежда, "Praesent vulputate dapibus risus, quis suscipit arcu pellentesque eget", amet, "Lorem ipsum dolor sit amet, consectetur adipiscing elit."
Дом, "Etiam lobortis neque eget ex tempus, eu interdum mi semper", tempus, In hac habitasse platea dictumst.
Развлечения, "Mauris at fringilla augue, nec varius nibh", vestibulum, "Sed tellus est, iaculis quis justo vitae, fringilla consectetur nibh."
Домашние питомцы, "In bibendum, nisl nec aliquet blandit, neque nulla semper enim, ac mattis ligula ante ac tellus", Pellentesque, "Quisque id varius risus."
Здоровье, Vestibulum blandit mi quis leo euismod faucibus, consequat, "Maecenas massa metus, blandit at varius vel, fermentum vitae odio."
Автомобильная промышленность, "Cras metus ipsum, viverra vel ligula in, finibus eleifend odio", Etiam, Aliquam tempus auctor velit ut dictum.
Автомобильная промышленность, Nunc eget libero sed dui iaculis eleifend quis sed tellus, risus, Etiam maximus blandit lacinia.
Красота, "Vestibulum libero purus, finibus eu maximus a, fermentum eget ex.", Pellentesque, "Donec ut urna varius, porta turpis ut, interdum massa."
Красота, Nunc nec ante et metus malesuada blandit, est, Praesent cursus justo ac sapien maximus ullamcorper.
