first_name,last_name,middle_name,mobile,email,last_login,registered_at,password
˜˜˜˜˜˜˜˜˜,˜˜˜˜˜˜˜,˜˜˜˜˜˜˜˜˜,+17175044340,james.alexander.sanders@live.com,2011-10-25T18:31:51.453+06:00,2011-10-25T18:31:51.453+06:00,37679
˜˜˜˜˜˜˜˜˜˜˜˜˜,˜˜˜˜˜˜,˜˜˜˜˜˜,+17271641244,r.m@yahoo.com,2021-04-15T22:48:17.226+05:00,2021-04-15T22:48:17.226+05:00,43962
˜˜˜˜˜˜˜˜,˜˜˜˜˜˜˜,˜˜˜˜,+15736833773,jmitchell75@rocketmail.com,2021-09-06T10:47:40.703+05:00,2021-09-06T10:47:40.703+05:00,4999
˜˜˜˜˜˜˜˜˜˜,˜˜˜˜˜˜˜,˜˜˜˜,+12170013869,e_m_johnson@yahoo.com,2023-07-27T12:28:27.309+05:00,2023-07-27T12:28:27.309+05:00,19698
˜˜˜˜˜˜˜˜˜˜˜˜˜,˜˜˜˜˜,˜˜˜˜˜˜,+16230751609,john_james_evans@yahoo.com,2022-08-13T11:17:30.377+05:00,2022-08-13T11:17:30.377+05:00,32714
˜˜˜˜˜˜˜˜˜˜˜˜˜,˜˜˜˜˜,˜˜˜˜˜,+15169621123,a.m.clark@yahoo.com,2014-10-22T14:14:40.815+06:00,2014-10-22T14:14:40.815+06:00,5273
˜˜˜˜˜˜˜˜,˜˜˜˜˜˜˜˜˜,˜˜˜˜˜,+19567328598,samuel@gmail.com,2017-10-20T18:09:04.633+05:00,2017-10-20T18:09:04.633+05:00,62873
˜˜˜˜˜˜˜˜˜˜,˜˜˜˜˜˜,˜˜˜˜˜˜˜˜˜,+14428105694,jeremy_a_watson@aol.com,2023-04-23T06:37:56.645+05:00,2023-04-23T06:37:56.645+05:00,56124
˜˜˜˜˜˜˜˜˜,˜˜˜˜˜,˜˜˜˜˜˜,+16517458408,awallen@outlook.com,2010-07-16T19:20:36.204+06:00,2010-07-16T19:20:36.204+06:00,15324
˜˜˜˜˜˜˜˜˜˜˜˜,˜˜˜˜,˜˜˜˜˜˜˜˜˜,+16610903925,e.a.long@live.com,2011-06-04T17:22:31.972+06:00,2011-06-04T17:22:31.972+06:00,48221
